[0.000000] (-) TimerEvent: {}
[0.000401] (autonomous_litter_bot_package) JobQueued: {'identifier': 'autonomous_litter_bot_package', 'dependencies': OrderedDict()}
[0.000789] (rf2o_laser_odometry) JobQueued: {'identifier': 'rf2o_laser_odometry', 'dependencies': OrderedDict()}
[0.000817] (ros2_mpu6050) JobQueued: {'identifier': 'ros2_mpu6050', 'dependencies': OrderedDict()}
[0.000836] (sllidar_ros2) JobQueued: {'identifier': 'sllidar_ros2', 'dependencies': OrderedDict()}
[0.000855] (autonomous_litter_bot_package) JobStarted: {'identifier': 'autonomous_litter_bot_package'}
[0.019695] (rf2o_laser_odometry) JobStarted: {'identifier': 'rf2o_laser_odometry'}
[0.032792] (ros2_mpu6050) JobStarted: {'identifier': 'ros2_mpu6050'}
[0.039773] (sllidar_ros2) JobStarted: {'identifier': 'sllidar_ros2'}
[0.100172] (-) TimerEvent: {}
[0.200768] (-) TimerEvent: {}
[0.302249] (-) TimerEvent: {}
[0.403011] (-) TimerEvent: {}
[0.470973] (rf2o_laser_odometry) JobProgress: {'identifier': 'rf2o_laser_odometry', 'progress': 'cmake'}
[0.473816] (rf2o_laser_odometry) JobProgress: {'identifier': 'rf2o_laser_odometry', 'progress': 'build'}
[0.474700] (rf2o_laser_odometry) Command: {'cmd': ['/usr/bin/cmake', '--build', '/home/pi5/capstone-group8/ros2_ws/src/build/rf2o_laser_odometry', '--', '-j4', '-l4'], 'cwd': '/home/pi5/capstone-group8/ros2_ws/src/build/rf2o_laser_odometry', 'env': OrderedDict({'GJS_DEBUG_TOPICS': 'JS ERROR;JS LOG', 'XDG_ACTIVATION_TOKEN': 'gnome-shell/Terminator/5395-0-pi5-desktop_TIME189427', 'LESSOPEN': '| /usr/bin/lesspipe %s', 'USER': 'pi5', 'SSH_AGENT_PID': '5118', 'XDG_SESSION_TYPE': 'x11', 'CLUTTER_DISABLE_MIPMAPPED_TEXT': '1', 'SHLVL': '2', 'LD_LIBRARY_PATH': '/opt/ros/jazzy/opt/rviz_ogre_vendor/lib:/opt/ros/jazzy/lib/aarch64-linux-gnu:/opt/ros/jazzy/opt/gz_math_vendor/lib:/opt/ros/jazzy/opt/gz_utils_vendor/lib:/opt/ros/jazzy/opt/gz_cmake_vendor/lib:/opt/ros/jazzy/lib', 'HOME': '/home/pi5', 'OLDPWD': '/home/pi5/capstone-group8/ros2_ws', 'GIO_LAUNCHED_DESKTOP_FILE': '/usr/share/applications/terminator.desktop', 'ROS_PYTHON_VERSION': '3', 'GTK_MODULES': 'gail:atk-bridge', 'MANAGERPID': '4850', 'SYSTEMD_EXEC_PID': '5395', 'XRDP_PULSE_SOURCE_SOCKET': 'xrdp_chansrv_audio_in_socket_10', 'XRDP_PULSE_SINK_SOCKET': 'xrdp_chansrv_audio_out_socket_10', 'GSM_SKIP_SSH_AGENT_WORKAROUND': 'true', 'DBUS_SESSION_BUS_ADDRESS': 'unix:path=/run/user/1000/bus', 'COLORTERM': 'truecolor', 'TERMINATOR_DBUS_NAME': 'net.tenshu.Terminator2bcb3aa092f2b6032576f3fd56ad9afe9', 'GIO_LAUNCHED_DESKTOP_FILE_PID': '6081', 'DEBUGINFOD_URLS': 'https://debuginfod.ubuntu.com', 'PULSE_SCRIPT': '/etc/xrdp/pulse/default.pa', 'IM_CONFIG_PHASE': '1', 'ROS_DISTRO': 'jazzy', 'GTK_IM_MODULE': 'ibus', 'LOGNAME': 'pi5', 'JOURNAL_STREAM': '8:29179', '_': '/usr/bin/colcon', 'ROS_VERSION': '2', 'MEMORY_PRESSURE_WATCH': '/sys/fs/cgroup/user.slice/user-1000.slice/user@1000.service/session.slice/org.gnome.Shell@x11.service/memory.pressure', 'XDG_SESSION_CLASS': 'user', 'TERM': 'xterm-256color', 'GNOME_DESKTOP_SESSION_ID': 'this-is-deprecated', 'PATH': '/opt/ros/jazzy/bin:/home/pi5/.local/bin:/usr/local/sbin:/usr/local/bin:/usr/sbin:/usr/bin:/sbin:/bin:/usr/games:/usr/local/games:/snap/bin', 'SESSION_MANAGER': 'local/pi5-desktop:@/tmp/.ICE-unix/5330,unix/pi5-desktop:/tmp/.ICE-unix/5330', 'INVOCATION_ID': '164353cce0d04b02b023f51772701d2c', 'XDG_MENU_PREFIX': 'gnome-', 'XRDP_SOCKET_PATH': '/run/xrdp/sockdir', 'XDG_RUNTIME_DIR': '/run/user/1000', 'DISPLAY': ':10.0', 'TERMINATOR_DBUS_PATH': '/net/tenshu/Terminator2', 'LANG': 'en_US.UTF-8', 'XDG_CURRENT_DESKTOP': 'GNOME', 'XMODIFIERS': '@im=ibus', 'LS_COLORS': 'rs=0:di=01;34:ln=01;36:mh=00:pi=40;33:so=01;35:do=01;35:bd=40;33;01:cd=40;33;01:or=40;31;01:mi=00:su=37;41:sg=30;43:ca=00:tw=30;42:ow=34;42:st=37;44:ex=01;32:*.tar=01;31:*.tgz=01;31:*.arc=01;31:*.arj=01;31:*.taz=01;31:*.lha=01;31:*.lz4=01;31:*.lzh=01;31:*.lzma=01;31:*.tlz=01;31:*.txz=01;31:*.tzo=01;31:*.t7z=01;31:*.zip=01;31:*.z=01;31:*.dz=01;31:*.gz=01;31:*.lrz=01;31:*.lz=01;31:*.lzo=01;31:*.xz=01;31:*.zst=01;31:*.tzst=01;31:*.bz2=01;31:*.bz=01;31:*.tbz=01;31:*.tbz2=01;31:*.tz=01;31:*.deb=01;31:*.rpm=01;31:*.jar=01;31:*.war=01;31:*.ear=01;31:*.sar=01;31:*.rar=01;31:*.alz=01;31:*.ace=01;31:*.zoo=01;31:*.cpio=01;31:*.7z=01;31:*.rz=01;31:*.cab=01;31:*.wim=01;31:*.swm=01;31:*.dwm=01;31:*.esd=01;31:*.avif=01;35:*.jpg=01;35:*.jpeg=01;35:*.mjpg=01;35:*.mjpeg=01;35:*.gif=01;35:*.bmp=01;35:*.pbm=01;35:*.pgm=01;35:*.ppm=01;35:*.tga=01;35:*.xbm=01;35:*.xpm=01;35:*.tif=01;35:*.tiff=01;35:*.png=01;35:*.svg=01;35:*.svgz=01;35:*.mng=01;35:*.pcx=01;35:*.mov=01;35:*.mpg=01;35:*.mpeg=01;35:*.m2v=01;35:*.mkv=01;35:*.webm=01;35:*.webp=01;35:*.ogm=01;35:*.mp4=01;35:*.m4v=01;35:*.mp4v=01;35:*.vob=01;35:*.qt=01;35:*.nuv=01;35:*.wmv=01;35:*.asf=01;35:*.rm=01;35:*.rmvb=01;35:*.flc=01;35:*.avi=01;35:*.fli=01;35:*.flv=01;35:*.gl=01;35:*.dl=01;35:*.xcf=01;35:*.xwd=01;35:*.yuv=01;35:*.cgm=01;35:*.emf=01;35:*.ogv=01;35:*.ogx=01;35:*.aac=00;36:*.au=00;36:*.flac=00;36:*.m4a=00;36:*.mid=00;36:*.midi=00;36:*.mka=00;36:*.mp3=00;36:*.mpc=00;36:*.ogg=00;36:*.ra=00;36:*.wav=00;36:*.oga=00;36:*.opus=00;36:*.spx=00;36:*.xspf=00;36:*~=00;90:*#=00;90:*.bak=00;90:*.crdownload=00;90:*.dpkg-dist=00;90:*.dpkg-new=00;90:*.dpkg-old=00;90:*.dpkg-tmp=00;90:*.old=00;90:*.orig=00;90:*.part=00;90:*.rej=00;90:*.rpmnew=00;90:*.rpmorig=00;90:*.rpmsave=00;90:*.swp=00;90:*.tmp=00;90:*.ucf-dist=00;90:*.ucf-new=00;90:*.ucf-old=00;90:', 'SSH_AUTH_SOCK': '/run/user/1000/keyring/ssh', 'AMENT_PREFIX_PATH': '/opt/ros/jazzy', 'UID': '1000', 'SHELL': '/bin/bash', 'TERMINATOR_UUID': 'urn:uuid:57a93a0b-224b-4c08-b531-a378d4cab3a8', 'QT_ACCESSIBILITY': '1', 'LESSCLOSE': '/usr/bin/lesspipe %s %s', 'XRDP_SESSION': '1', 'GPG_AGENT_INFO': '/run/user/1000/gnupg/S.gpg-agent:0:1', 'GJS_DEBUG_OUTPUT': 'stderr', 'ROS_AUTOMATIC_DISCOVERY_RANGE': 'SUBNET', 'QT_IM_MODULE': 'ibus', 'PWD': '/home/pi5/capstone-group8/ros2_ws/src/build/rf2o_laser_odometry', 'LC_ALL': 'en_US.UTF-8', 'CLUTTER_IM_MODULE': 'ibus', 'XDG_DATA_DIRS': '/usr/share/gnome:/usr/local/share:/usr/share:/var/lib/snapd/desktop', 'PYTHONPATH': '/opt/ros/jazzy/lib/python3.12/site-packages', 'COLCON': '1', 'MEMORY_PRESSURE_WRITE': 'c29tZSAyMDAwMDAgMjAwMDAwMAA=', 'VTE_VERSION': '7600', 'CMAKE_PREFIX_PATH': '/opt/ros/jazzy/opt/gz_math_vendor:/opt/ros/jazzy/opt/gz_utils_vendor:/opt/ros/jazzy/opt/gz_cmake_vendor:/opt/ros/jazzy'}), 'shell': False}
[0.478954] (ros2_mpu6050) JobProgress: {'identifier': 'ros2_mpu6050', 'progress': 'cmake'}
[0.480498] (ros2_mpu6050) Command: {'cmd': ['/usr/bin/cmake', '/home/pi5/capstone-group8/ros2_ws/src/ros2_mpu6050', '-DAMENT_CMAKE_SYMLINK_INSTALL=1', '-DCMAKE_INSTALL_PREFIX=/home/pi5/capstone-group8/ros2_ws/src/install/ros2_mpu6050'], 'cwd': '/home/pi5/capstone-group8/ros2_ws/src/build/ros2_mpu6050', 'env': OrderedDict({'GJS_DEBUG_TOPICS': 'JS ERROR;JS LOG', 'XDG_ACTIVATION_TOKEN': 'gnome-shell/Terminator/5395-0-pi5-desktop_TIME189427', 'LESSOPEN': '| /usr/bin/lesspipe %s', 'USER': 'pi5', 'SSH_AGENT_PID': '5118', 'XDG_SESSION_TYPE': 'x11', 'CLUTTER_DISABLE_MIPMAPPED_TEXT': '1', 'SHLVL': '2', 'LD_LIBRARY_PATH': '/opt/ros/jazzy/opt/rviz_ogre_vendor/lib:/opt/ros/jazzy/lib/aarch64-linux-gnu:/opt/ros/jazzy/opt/gz_math_vendor/lib:/opt/ros/jazzy/opt/gz_utils_vendor/lib:/opt/ros/jazzy/opt/gz_cmake_vendor/lib:/opt/ros/jazzy/lib', 'HOME': '/home/pi5', 'OLDPWD': '/home/pi5/capstone-group8/ros2_ws', 'GIO_LAUNCHED_DESKTOP_FILE': '/usr/share/applications/terminator.desktop', 'ROS_PYTHON_VERSION': '3', 'GTK_MODULES': 'gail:atk-bridge', 'MANAGERPID': '4850', 'SYSTEMD_EXEC_PID': '5395', 'XRDP_PULSE_SOURCE_SOCKET': 'xrdp_chansrv_audio_in_socket_10', 'XRDP_PULSE_SINK_SOCKET': 'xrdp_chansrv_audio_out_socket_10', 'GSM_SKIP_SSH_AGENT_WORKAROUND': 'true', 'DBUS_SESSION_BUS_ADDRESS': 'unix:path=/run/user/1000/bus', 'COLORTERM': 'truecolor', 'TERMINATOR_DBUS_NAME': 'net.tenshu.Terminator2bcb3aa092f2b6032576f3fd56ad9afe9', 'GIO_LAUNCHED_DESKTOP_FILE_PID': '6081', 'DEBUGINFOD_URLS': 'https://debuginfod.ubuntu.com', 'PULSE_SCRIPT': '/etc/xrdp/pulse/default.pa', 'IM_CONFIG_PHASE': '1', 'ROS_DISTRO': 'jazzy', 'GTK_IM_MODULE': 'ibus', 'LOGNAME': 'pi5', 'JOURNAL_STREAM': '8:29179', '_': '/usr/bin/colcon', 'ROS_VERSION': '2', 'MEMORY_PRESSURE_WATCH': '/sys/fs/cgroup/user.slice/user-1000.slice/user@1000.service/session.slice/org.gnome.Shell@x11.service/memory.pressure', 'XDG_SESSION_CLASS': 'user', 'TERM': 'xterm-256color', 'GNOME_DESKTOP_SESSION_ID': 'this-is-deprecated', 'PATH': '/opt/ros/jazzy/bin:/home/pi5/.local/bin:/usr/local/sbin:/usr/local/bin:/usr/sbin:/usr/bin:/sbin:/bin:/usr/games:/usr/local/games:/snap/bin', 'SESSION_MANAGER': 'local/pi5-desktop:@/tmp/.ICE-unix/5330,unix/pi5-desktop:/tmp/.ICE-unix/5330', 'INVOCATION_ID': '164353cce0d04b02b023f51772701d2c', 'XDG_MENU_PREFIX': 'gnome-', 'XRDP_SOCKET_PATH': '/run/xrdp/sockdir', 'XDG_RUNTIME_DIR': '/run/user/1000', 'DISPLAY': ':10.0', 'TERMINATOR_DBUS_PATH': '/net/tenshu/Terminator2', 'LANG': 'en_US.UTF-8', 'XDG_CURRENT_DESKTOP': 'GNOME', 'XMODIFIERS': '@im=ibus', 'LS_COLORS': 'rs=0:di=01;34:ln=01;36:mh=00:pi=40;33:so=01;35:do=01;35:bd=40;33;01:cd=40;33;01:or=40;31;01:mi=00:su=37;41:sg=30;43:ca=00:tw=30;42:ow=34;42:st=37;44:ex=01;32:*.tar=01;31:*.tgz=01;31:*.arc=01;31:*.arj=01;31:*.taz=01;31:*.lha=01;31:*.lz4=01;31:*.lzh=01;31:*.lzma=01;31:*.tlz=01;31:*.txz=01;31:*.tzo=01;31:*.t7z=01;31:*.zip=01;31:*.z=01;31:*.dz=01;31:*.gz=01;31:*.lrz=01;31:*.lz=01;31:*.lzo=01;31:*.xz=01;31:*.zst=01;31:*.tzst=01;31:*.bz2=01;31:*.bz=01;31:*.tbz=01;31:*.tbz2=01;31:*.tz=01;31:*.deb=01;31:*.rpm=01;31:*.jar=01;31:*.war=01;31:*.ear=01;31:*.sar=01;31:*.rar=01;31:*.alz=01;31:*.ace=01;31:*.zoo=01;31:*.cpio=01;31:*.7z=01;31:*.rz=01;31:*.cab=01;31:*.wim=01;31:*.swm=01;31:*.dwm=01;31:*.esd=01;31:*.avif=01;35:*.jpg=01;35:*.jpeg=01;35:*.mjpg=01;35:*.mjpeg=01;35:*.gif=01;35:*.bmp=01;35:*.pbm=01;35:*.pgm=01;35:*.ppm=01;35:*.tga=01;35:*.xbm=01;35:*.xpm=01;35:*.tif=01;35:*.tiff=01;35:*.png=01;35:*.svg=01;35:*.svgz=01;35:*.mng=01;35:*.pcx=01;35:*.mov=01;35:*.mpg=01;35:*.mpeg=01;35:*.m2v=01;35:*.mkv=01;35:*.webm=01;35:*.webp=01;35:*.ogm=01;35:*.mp4=01;35:*.m4v=01;35:*.mp4v=01;35:*.vob=01;35:*.qt=01;35:*.nuv=01;35:*.wmv=01;35:*.asf=01;35:*.rm=01;35:*.rmvb=01;35:*.flc=01;35:*.avi=01;35:*.fli=01;35:*.flv=01;35:*.gl=01;35:*.dl=01;35:*.xcf=01;35:*.xwd=01;35:*.yuv=01;35:*.cgm=01;35:*.emf=01;35:*.ogv=01;35:*.ogx=01;35:*.aac=00;36:*.au=00;36:*.flac=00;36:*.m4a=00;36:*.mid=00;36:*.midi=00;36:*.mka=00;36:*.mp3=00;36:*.mpc=00;36:*.ogg=00;36:*.ra=00;36:*.wav=00;36:*.oga=00;36:*.opus=00;36:*.spx=00;36:*.xspf=00;36:*~=00;90:*#=00;90:*.bak=00;90:*.crdownload=00;90:*.dpkg-dist=00;90:*.dpkg-new=00;90:*.dpkg-old=00;90:*.dpkg-tmp=00;90:*.old=00;90:*.orig=00;90:*.part=00;90:*.rej=00;90:*.rpmnew=00;90:*.rpmorig=00;90:*.rpmsave=00;90:*.swp=00;90:*.tmp=00;90:*.ucf-dist=00;90:*.ucf-new=00;90:*.ucf-old=00;90:', 'SSH_AUTH_SOCK': '/run/user/1000/keyring/ssh', 'AMENT_PREFIX_PATH': '/opt/ros/jazzy', 'UID': '1000', 'SHELL': '/bin/bash', 'TERMINATOR_UUID': 'urn:uuid:57a93a0b-224b-4c08-b531-a378d4cab3a8', 'QT_ACCESSIBILITY': '1', 'LESSCLOSE': '/usr/bin/lesspipe %s %s', 'XRDP_SESSION': '1', 'GPG_AGENT_INFO': '/run/user/1000/gnupg/S.gpg-agent:0:1', 'GJS_DEBUG_OUTPUT': 'stderr', 'ROS_AUTOMATIC_DISCOVERY_RANGE': 'SUBNET', 'QT_IM_MODULE': 'ibus', 'PWD': '/home/pi5/capstone-group8/ros2_ws/src/build/ros2_mpu6050', 'LC_ALL': 'en_US.UTF-8', 'CLUTTER_IM_MODULE': 'ibus', 'XDG_DATA_DIRS': '/usr/share/gnome:/usr/local/share:/usr/share:/var/lib/snapd/desktop', 'PYTHONPATH': '/opt/ros/jazzy/lib/python3.12/site-packages', 'COLCON': '1', 'MEMORY_PRESSURE_WRITE': 'c29tZSAyMDAwMDAgMjAwMDAwMAA=', 'VTE_VERSION': '7600', 'CMAKE_PREFIX_PATH': '/opt/ros/jazzy/opt/gz_math_vendor:/opt/ros/jazzy/opt/gz_utils_vendor:/opt/ros/jazzy/opt/gz_cmake_vendor:/opt/ros/jazzy'}), 'shell': False}
[0.485154] (sllidar_ros2) JobProgress: {'identifier': 'sllidar_ros2', 'progress': 'cmake'}
[0.485813] (sllidar_ros2) Command: {'cmd': ['/usr/bin/cmake', '/home/pi5/capstone-group8/ros2_ws/src/sllidar_ros2', '-DAMENT_CMAKE_SYMLINK_INSTALL=1', '-DCMAKE_INSTALL_PREFIX=/home/pi5/capstone-group8/ros2_ws/src/install/sllidar_ros2'], 'cwd': '/home/pi5/capstone-group8/ros2_ws/src/build/sllidar_ros2', 'env': OrderedDict({'GJS_DEBUG_TOPICS': 'JS ERROR;JS LOG', 'XDG_ACTIVATION_TOKEN': 'gnome-shell/Terminator/5395-0-pi5-desktop_TIME189427', 'LESSOPEN': '| /usr/bin/lesspipe %s', 'USER': 'pi5', 'SSH_AGENT_PID': '5118', 'XDG_SESSION_TYPE': 'x11', 'CLUTTER_DISABLE_MIPMAPPED_TEXT': '1', 'SHLVL': '2', 'LD_LIBRARY_PATH': '/opt/ros/jazzy/opt/rviz_ogre_vendor/lib:/opt/ros/jazzy/lib/aarch64-linux-gnu:/opt/ros/jazzy/opt/gz_math_vendor/lib:/opt/ros/jazzy/opt/gz_utils_vendor/lib:/opt/ros/jazzy/opt/gz_cmake_vendor/lib:/opt/ros/jazzy/lib', 'HOME': '/home/pi5', 'OLDPWD': '/home/pi5/capstone-group8/ros2_ws', 'GIO_LAUNCHED_DESKTOP_FILE': '/usr/share/applications/terminator.desktop', 'ROS_PYTHON_VERSION': '3', 'GTK_MODULES': 'gail:atk-bridge', 'MANAGERPID': '4850', 'SYSTEMD_EXEC_PID': '5395', 'XRDP_PULSE_SOURCE_SOCKET': 'xrdp_chansrv_audio_in_socket_10', 'XRDP_PULSE_SINK_SOCKET': 'xrdp_chansrv_audio_out_socket_10', 'GSM_SKIP_SSH_AGENT_WORKAROUND': 'true', 'DBUS_SESSION_BUS_ADDRESS': 'unix:path=/run/user/1000/bus', 'COLORTERM': 'truecolor', 'TERMINATOR_DBUS_NAME': 'net.tenshu.Terminator2bcb3aa092f2b6032576f3fd56ad9afe9', 'GIO_LAUNCHED_DESKTOP_FILE_PID': '6081', 'DEBUGINFOD_URLS': 'https://debuginfod.ubuntu.com', 'PULSE_SCRIPT': '/etc/xrdp/pulse/default.pa', 'IM_CONFIG_PHASE': '1', 'ROS_DISTRO': 'jazzy', 'GTK_IM_MODULE': 'ibus', 'LOGNAME': 'pi5', 'JOURNAL_STREAM': '8:29179', '_': '/usr/bin/colcon', 'ROS_VERSION': '2', 'MEMORY_PRESSURE_WATCH': '/sys/fs/cgroup/user.slice/user-1000.slice/user@1000.service/session.slice/org.gnome.Shell@x11.service/memory.pressure', 'XDG_SESSION_CLASS': 'user', 'TERM': 'xterm-256color', 'GNOME_DESKTOP_SESSION_ID': 'this-is-deprecated', 'PATH': '/opt/ros/jazzy/bin:/home/pi5/.local/bin:/usr/local/sbin:/usr/local/bin:/usr/sbin:/usr/bin:/sbin:/bin:/usr/games:/usr/local/games:/snap/bin', 'SESSION_MANAGER': 'local/pi5-desktop:@/tmp/.ICE-unix/5330,unix/pi5-desktop:/tmp/.ICE-unix/5330', 'INVOCATION_ID': '164353cce0d04b02b023f51772701d2c', 'XDG_MENU_PREFIX': 'gnome-', 'XRDP_SOCKET_PATH': '/run/xrdp/sockdir', 'XDG_RUNTIME_DIR': '/run/user/1000', 'DISPLAY': ':10.0', 'TERMINATOR_DBUS_PATH': '/net/tenshu/Terminator2', 'LANG': 'en_US.UTF-8', 'XDG_CURRENT_DESKTOP': 'GNOME', 'XMODIFIERS': '@im=ibus', 'LS_COLORS': 'rs=0:di=01;34:ln=01;36:mh=00:pi=40;33:so=01;35:do=01;35:bd=40;33;01:cd=40;33;01:or=40;31;01:mi=00:su=37;41:sg=30;43:ca=00:tw=30;42:ow=34;42:st=37;44:ex=01;32:*.tar=01;31:*.tgz=01;31:*.arc=01;31:*.arj=01;31:*.taz=01;31:*.lha=01;31:*.lz4=01;31:*.lzh=01;31:*.lzma=01;31:*.tlz=01;31:*.txz=01;31:*.tzo=01;31:*.t7z=01;31:*.zip=01;31:*.z=01;31:*.dz=01;31:*.gz=01;31:*.lrz=01;31:*.lz=01;31:*.lzo=01;31:*.xz=01;31:*.zst=01;31:*.tzst=01;31:*.bz2=01;31:*.bz=01;31:*.tbz=01;31:*.tbz2=01;31:*.tz=01;31:*.deb=01;31:*.rpm=01;31:*.jar=01;31:*.war=01;31:*.ear=01;31:*.sar=01;31:*.rar=01;31:*.alz=01;31:*.ace=01;31:*.zoo=01;31:*.cpio=01;31:*.7z=01;31:*.rz=01;31:*.cab=01;31:*.wim=01;31:*.swm=01;31:*.dwm=01;31:*.esd=01;31:*.avif=01;35:*.jpg=01;35:*.jpeg=01;35:*.mjpg=01;35:*.mjpeg=01;35:*.gif=01;35:*.bmp=01;35:*.pbm=01;35:*.pgm=01;35:*.ppm=01;35:*.tga=01;35:*.xbm=01;35:*.xpm=01;35:*.tif=01;35:*.tiff=01;35:*.png=01;35:*.svg=01;35:*.svgz=01;35:*.mng=01;35:*.pcx=01;35:*.mov=01;35:*.mpg=01;35:*.mpeg=01;35:*.m2v=01;35:*.mkv=01;35:*.webm=01;35:*.webp=01;35:*.ogm=01;35:*.mp4=01;35:*.m4v=01;35:*.mp4v=01;35:*.vob=01;35:*.qt=01;35:*.nuv=01;35:*.wmv=01;35:*.asf=01;35:*.rm=01;35:*.rmvb=01;35:*.flc=01;35:*.avi=01;35:*.fli=01;35:*.flv=01;35:*.gl=01;35:*.dl=01;35:*.xcf=01;35:*.xwd=01;35:*.yuv=01;35:*.cgm=01;35:*.emf=01;35:*.ogv=01;35:*.ogx=01;35:*.aac=00;36:*.au=00;36:*.flac=00;36:*.m4a=00;36:*.mid=00;36:*.midi=00;36:*.mka=00;36:*.mp3=00;36:*.mpc=00;36:*.ogg=00;36:*.ra=00;36:*.wav=00;36:*.oga=00;36:*.opus=00;36:*.spx=00;36:*.xspf=00;36:*~=00;90:*#=00;90:*.bak=00;90:*.crdownload=00;90:*.dpkg-dist=00;90:*.dpkg-new=00;90:*.dpkg-old=00;90:*.dpkg-tmp=00;90:*.old=00;90:*.orig=00;90:*.part=00;90:*.rej=00;90:*.rpmnew=00;90:*.rpmorig=00;90:*.rpmsave=00;90:*.swp=00;90:*.tmp=00;90:*.ucf-dist=00;90:*.ucf-new=00;90:*.ucf-old=00;90:', 'SSH_AUTH_SOCK': '/run/user/1000/keyring/ssh', 'AMENT_PREFIX_PATH': '/opt/ros/jazzy', 'UID': '1000', 'SHELL': '/bin/bash', 'TERMINATOR_UUID': 'urn:uuid:57a93a0b-224b-4c08-b531-a378d4cab3a8', 'QT_ACCESSIBILITY': '1', 'LESSCLOSE': '/usr/bin/lesspipe %s %s', 'XRDP_SESSION': '1', 'GPG_AGENT_INFO': '/run/user/1000/gnupg/S.gpg-agent:0:1', 'GJS_DEBUG_OUTPUT': 'stderr', 'ROS_AUTOMATIC_DISCOVERY_RANGE': 'SUBNET', 'QT_IM_MODULE': 'ibus', 'PWD': '/home/pi5/capstone-group8/ros2_ws/src/build/sllidar_ros2', 'LC_ALL': 'en_US.UTF-8', 'CLUTTER_IM_MODULE': 'ibus', 'XDG_DATA_DIRS': '/usr/share/gnome:/usr/local/share:/usr/share:/var/lib/snapd/desktop', 'PYTHONPATH': '/opt/ros/jazzy/lib/python3.12/site-packages', 'COLCON': '1', 'MEMORY_PRESSURE_WRITE': 'c29tZSAyMDAwMDAgMjAwMDAwMAA=', 'VTE_VERSION': '7600', 'CMAKE_PREFIX_PATH': '/opt/ros/jazzy/opt/gz_math_vendor:/opt/ros/jazzy/opt/gz_utils_vendor:/opt/ros/jazzy/opt/gz_cmake_vendor:/opt/ros/jazzy'}), 'shell': False}
[0.504347] (-) TimerEvent: {}
[0.604743] (-) TimerEvent: {}
[0.705086] (-) TimerEvent: {}
[0.807380] (-) TimerEvent: {}
[0.907911] (-) TimerEvent: {}
[0.978521] (rf2o_laser_odometry) StdoutLine: {'line': b'[ 20%] \x1b[32mBuilding CXX object CMakeFiles/rf2o_laser_odometry_node.dir/src/CLaserOdometry2DNode.cpp.o\x1b[0m\n'}
[0.984387] (rf2o_laser_odometry) StdoutLine: {'line': b'[ 40%] \x1b[32mBuilding CXX object CMakeFiles/rf2o_laser_odometry_node.dir/src/CLaserOdometry2D.cpp.o\x1b[0m\n'}
[0.984779] (rf2o_laser_odometry) StdoutLine: {'line': b'[ 60%] \x1b[32mBuilding CXX object CMakeFiles/rf2o_laser_odometry.dir/src/CLaserOdometry2D.cpp.o\x1b[0m\n'}
[1.007993] (-) TimerEvent: {}
[1.108320] (-) TimerEvent: {}
[1.208698] (-) TimerEvent: {}
[1.293025] (ros2_mpu6050) StdoutLine: {'line': b'-- The C compiler identification is GNU 13.3.0\n'}
[1.297592] (sllidar_ros2) StdoutLine: {'line': b'-- The C compiler identification is GNU 13.3.0\n'}
[1.310369] (-) TimerEvent: {}
[1.410751] (-) TimerEvent: {}
[1.511136] (-) TimerEvent: {}
[1.611480] (-) TimerEvent: {}
[1.726487] (-) TimerEvent: {}
[1.769564] (ros2_mpu6050) StdoutLine: {'line': b'-- The CXX compiler identification is GNU 13.3.0\n'}
[1.821630] (sllidar_ros2) StdoutLine: {'line': b'-- The CXX compiler identification is GNU 13.3.0\n'}
[1.826662] (-) TimerEvent: {}
[1.853639] (autonomous_litter_bot_package) Command: {'cmd': ['/usr/bin/python3', '-W', 'ignore:setup.py install is deprecated', '-W', 'ignore:easy_install command is deprecated', 'setup.py', 'develop', '--editable', '--build-directory', '/home/pi5/capstone-group8/ros2_ws/src/build/autonomous_litter_bot_package/build', '--no-deps', 'symlink_data'], 'cwd': '/home/pi5/capstone-group8/ros2_ws/src/build/autonomous_litter_bot_package', 'env': {'GJS_DEBUG_TOPICS': 'JS ERROR;JS LOG', 'XDG_ACTIVATION_TOKEN': 'gnome-shell/Terminator/5395-0-pi5-desktop_TIME189427', 'LESSOPEN': '| /usr/bin/lesspipe %s', 'USER': 'pi5', 'SSH_AGENT_PID': '5118', 'XDG_SESSION_TYPE': 'x11', 'CLUTTER_DISABLE_MIPMAPPED_TEXT': '1', 'SHLVL': '2', 'LD_LIBRARY_PATH': '/opt/ros/jazzy/opt/rviz_ogre_vendor/lib:/opt/ros/jazzy/lib/aarch64-linux-gnu:/opt/ros/jazzy/opt/gz_math_vendor/lib:/opt/ros/jazzy/opt/gz_utils_vendor/lib:/opt/ros/jazzy/opt/gz_cmake_vendor/lib:/opt/ros/jazzy/lib', 'HOME': '/home/pi5', 'OLDPWD': '/home/pi5/capstone-group8/ros2_ws', 'GIO_LAUNCHED_DESKTOP_FILE': '/usr/share/applications/terminator.desktop', 'ROS_PYTHON_VERSION': '3', 'GTK_MODULES': 'gail:atk-bridge', 'MANAGERPID': '4850', 'SYSTEMD_EXEC_PID': '5395', 'XRDP_PULSE_SOURCE_SOCKET': 'xrdp_chansrv_audio_in_socket_10', 'XRDP_PULSE_SINK_SOCKET': 'xrdp_chansrv_audio_out_socket_10', 'GSM_SKIP_SSH_AGENT_WORKAROUND': 'true', 'DBUS_SESSION_BUS_ADDRESS': 'unix:path=/run/user/1000/bus', 'COLORTERM': 'truecolor', 'TERMINATOR_DBUS_NAME': 'net.tenshu.Terminator2bcb3aa092f2b6032576f3fd56ad9afe9', 'GIO_LAUNCHED_DESKTOP_FILE_PID': '6081', 'DEBUGINFOD_URLS': 'https://debuginfod.ubuntu.com', 'PULSE_SCRIPT': '/etc/xrdp/pulse/default.pa', 'IM_CONFIG_PHASE': '1', 'ROS_DISTRO': 'jazzy', 'GTK_IM_MODULE': 'ibus', 'LOGNAME': 'pi5', 'JOURNAL_STREAM': '8:29179', '_': '/usr/bin/colcon', 'ROS_VERSION': '2', 'MEMORY_PRESSURE_WATCH': '/sys/fs/cgroup/user.slice/user-1000.slice/user@1000.service/session.slice/org.gnome.Shell@x11.service/memory.pressure', 'XDG_SESSION_CLASS': 'user', 'TERM': 'xterm-256color', 'GNOME_DESKTOP_SESSION_ID': 'this-is-deprecated', 'PATH': '/opt/ros/jazzy/bin:/home/pi5/.local/bin:/usr/local/sbin:/usr/local/bin:/usr/sbin:/usr/bin:/sbin:/bin:/usr/games:/usr/local/games:/snap/bin', 'SESSION_MANAGER': 'local/pi5-desktop:@/tmp/.ICE-unix/5330,unix/pi5-desktop:/tmp/.ICE-unix/5330', 'INVOCATION_ID': '164353cce0d04b02b023f51772701d2c', 'XDG_MENU_PREFIX': 'gnome-', 'XRDP_SOCKET_PATH': '/run/xrdp/sockdir', 'XDG_RUNTIME_DIR': '/run/user/1000', 'DISPLAY': ':10.0', 'TERMINATOR_DBUS_PATH': '/net/tenshu/Terminator2', 'LANG': 'en_US.UTF-8', 'XDG_CURRENT_DESKTOP': 'GNOME', 'XMODIFIERS': '@im=ibus', 'LS_COLORS': 'rs=0:di=01;34:ln=01;36:mh=00:pi=40;33:so=01;35:do=01;35:bd=40;33;01:cd=40;33;01:or=40;31;01:mi=00:su=37;41:sg=30;43:ca=00:tw=30;42:ow=34;42:st=37;44:ex=01;32:*.tar=01;31:*.tgz=01;31:*.arc=01;31:*.arj=01;31:*.taz=01;31:*.lha=01;31:*.lz4=01;31:*.lzh=01;31:*.lzma=01;31:*.tlz=01;31:*.txz=01;31:*.tzo=01;31:*.t7z=01;31:*.zip=01;31:*.z=01;31:*.dz=01;31:*.gz=01;31:*.lrz=01;31:*.lz=01;31:*.lzo=01;31:*.xz=01;31:*.zst=01;31:*.tzst=01;31:*.bz2=01;31:*.bz=01;31:*.tbz=01;31:*.tbz2=01;31:*.tz=01;31:*.deb=01;31:*.rpm=01;31:*.jar=01;31:*.war=01;31:*.ear=01;31:*.sar=01;31:*.rar=01;31:*.alz=01;31:*.ace=01;31:*.zoo=01;31:*.cpio=01;31:*.7z=01;31:*.rz=01;31:*.cab=01;31:*.wim=01;31:*.swm=01;31:*.dwm=01;31:*.esd=01;31:*.avif=01;35:*.jpg=01;35:*.jpeg=01;35:*.mjpg=01;35:*.mjpeg=01;35:*.gif=01;35:*.bmp=01;35:*.pbm=01;35:*.pgm=01;35:*.ppm=01;35:*.tga=01;35:*.xbm=01;35:*.xpm=01;35:*.tif=01;35:*.tiff=01;35:*.png=01;35:*.svg=01;35:*.svgz=01;35:*.mng=01;35:*.pcx=01;35:*.mov=01;35:*.mpg=01;35:*.mpeg=01;35:*.m2v=01;35:*.mkv=01;35:*.webm=01;35:*.webp=01;35:*.ogm=01;35:*.mp4=01;35:*.m4v=01;35:*.mp4v=01;35:*.vob=01;35:*.qt=01;35:*.nuv=01;35:*.wmv=01;35:*.asf=01;35:*.rm=01;35:*.rmvb=01;35:*.flc=01;35:*.avi=01;35:*.fli=01;35:*.flv=01;35:*.gl=01;35:*.dl=01;35:*.xcf=01;35:*.xwd=01;35:*.yuv=01;35:*.cgm=01;35:*.emf=01;35:*.ogv=01;35:*.ogx=01;35:*.aac=00;36:*.au=00;36:*.flac=00;36:*.m4a=00;36:*.mid=00;36:*.midi=00;36:*.mka=00;36:*.mp3=00;36:*.mpc=00;36:*.ogg=00;36:*.ra=00;36:*.wav=00;36:*.oga=00;36:*.opus=00;36:*.spx=00;36:*.xspf=00;36:*~=00;90:*#=00;90:*.bak=00;90:*.crdownload=00;90:*.dpkg-dist=00;90:*.dpkg-new=00;90:*.dpkg-old=00;90:*.dpkg-tmp=00;90:*.old=00;90:*.orig=00;90:*.part=00;90:*.rej=00;90:*.rpmnew=00;90:*.rpmorig=00;90:*.rpmsave=00;90:*.swp=00;90:*.tmp=00;90:*.ucf-dist=00;90:*.ucf-new=00;90:*.ucf-old=00;90:', 'SSH_AUTH_SOCK': '/run/user/1000/keyring/ssh', 'AMENT_PREFIX_PATH': '/opt/ros/jazzy', 'UID': '1000', 'SHELL': '/bin/bash', 'TERMINATOR_UUID': 'urn:uuid:57a93a0b-224b-4c08-b531-a378d4cab3a8', 'QT_ACCESSIBILITY': '1', 'LESSCLOSE': '/usr/bin/lesspipe %s %s', 'XRDP_SESSION': '1', 'GPG_AGENT_INFO': '/run/user/1000/gnupg/S.gpg-agent:0:1', 'GJS_DEBUG_OUTPUT': 'stderr', 'ROS_AUTOMATIC_DISCOVERY_RANGE': 'SUBNET', 'QT_IM_MODULE': 'ibus', 'PWD': '/home/pi5/capstone-group8/ros2_ws/src/build/autonomous_litter_bot_package', 'LC_ALL': 'en_US.UTF-8', 'CLUTTER_IM_MODULE': 'ibus', 'XDG_DATA_DIRS': '/usr/share/gnome:/usr/local/share:/usr/share:/var/lib/snapd/desktop', 'PYTHONPATH': '/home/pi5/capstone-group8/ros2_ws/src/build/autonomous_litter_bot_package/prefix_override:/usr/lib/python3/dist-packages/colcon_core/task/python/colcon_distutils_commands:/home/pi5/capstone-group8/ros2_ws/src/install/autonomous_litter_bot_package/lib/python3.12/site-packages:/opt/ros/jazzy/lib/python3.12/site-packages', 'COLCON': '1', 'MEMORY_PRESSURE_WRITE': 'c29tZSAyMDAwMDAgMjAwMDAwMAA=', 'VTE_VERSION': '7600', 'CMAKE_PREFIX_PATH': '/opt/ros/jazzy/opt/gz_math_vendor:/opt/ros/jazzy/opt/gz_utils_vendor:/opt/ros/jazzy/opt/gz_cmake_vendor'}, 'shell': False}
[1.874356] (ros2_mpu6050) StdoutLine: {'line': b'-- Detecting C compiler ABI info\n'}
[1.874652] (sllidar_ros2) StdoutLine: {'line': b'-- Detecting C compiler ABI info\n'}
[1.926865] (-) TimerEvent: {}
[2.027497] (-) TimerEvent: {}
[2.130201] (-) TimerEvent: {}
[2.234619] (-) TimerEvent: {}
[2.277347] (ros2_mpu6050) StdoutLine: {'line': b'-- Detecting C compiler ABI info - done\n'}
[2.315377] (ros2_mpu6050) StdoutLine: {'line': b'-- Check for working C compiler: /usr/bin/cc - skipped\n'}
[2.316936] (ros2_mpu6050) StdoutLine: {'line': b'-- Detecting C compile features\n'}
[2.320801] (ros2_mpu6050) StdoutLine: {'line': b'-- Detecting C compile features - done\n'}
[2.334765] (-) TimerEvent: {}
[2.356196] (sllidar_ros2) StdoutLine: {'line': b'-- Detecting C compiler ABI info - done\n'}
[2.366479] (ros2_mpu6050) StdoutLine: {'line': b'-- Detecting CXX compiler ABI info\n'}
[2.397349] (sllidar_ros2) StdoutLine: {'line': b'-- Check for working C compiler: /usr/bin/cc - skipped\n'}
[2.397650] (sllidar_ros2) StdoutLine: {'line': b'-- Detecting C compile features\n'}
[2.397762] (sllidar_ros2) StdoutLine: {'line': b'-- Detecting C compile features - done\n'}
[2.413148] (sllidar_ros2) StdoutLine: {'line': b'-- Detecting CXX compiler ABI info\n'}
[2.437371] (-) TimerEvent: {}
[2.552883] (-) TimerEvent: {}
[2.660858] (-) TimerEvent: {}
[2.765833] (-) TimerEvent: {}
[2.846497] (sllidar_ros2) StdoutLine: {'line': b'-- Detecting CXX compiler ABI info - done\n'}
[2.874342] (sllidar_ros2) StdoutLine: {'line': b'-- Check for working CXX compiler: /usr/bin/c++ - skipped\n'}
[2.874651] (-) TimerEvent: {}
[2.882206] (sllidar_ros2) StdoutLine: {'line': b'-- Detecting CXX compile features\n'}
[2.882484] (sllidar_ros2) StdoutLine: {'line': b'-- Detecting CXX compile features - done\n'}
[2.894455] (ros2_mpu6050) StdoutLine: {'line': b'-- Detecting CXX compiler ABI info - done\n'}
[2.900382] (sllidar_ros2) StdoutLine: {'line': b'-- Found ament_cmake: 2.5.5 (/opt/ros/jazzy/share/ament_cmake/cmake)\n'}
[2.927021] (ros2_mpu6050) StdoutLine: {'line': b'-- Check for working CXX compiler: /usr/bin/c++ - skipped\n'}
[2.928754] (ros2_mpu6050) StdoutLine: {'line': b'-- Detecting CXX compile features\n'}
[2.928993] (ros2_mpu6050) StdoutLine: {'line': b'-- Detecting CXX compile features - done\n'}
[2.933294] (ros2_mpu6050) StdoutLine: {'line': b'-- Found ament_cmake: 2.5.5 (/opt/ros/jazzy/share/ament_cmake/cmake)\n'}
[2.977405] (-) TimerEvent: {}
[3.048347] (autonomous_litter_bot_package) StdoutLine: {'line': b'running develop\n'}
[3.077502] (-) TimerEvent: {}
[3.177917] (-) TimerEvent: {}
[3.278414] (-) TimerEvent: {}
[3.381409] (sllidar_ros2) StdoutLine: {'line': b'-- Found Python3: /usr/bin/python3 (found version "3.12.3") found components: Interpreter \n'}
[3.381654] (-) TimerEvent: {}
[3.481987] (-) TimerEvent: {}
[3.552466] (ros2_mpu6050) StdoutLine: {'line': b'-- Found Python3: /usr/bin/python3 (found version "3.12.3") found components: Interpreter \n'}
[3.584346] (-) TimerEvent: {}
[3.687335] (-) TimerEvent: {}
[3.787705] (-) TimerEvent: {}
[3.849151] (ros2_mpu6050) StdoutLine: {'line': b'-- Override CMake install command with custom implementation using symlinks instead of copying resources\n'}
[3.865914] (autonomous_litter_bot_package) StdoutLine: {'line': b'running egg_info\n'}
[3.887836] (-) TimerEvent: {}
[3.911505] (autonomous_litter_bot_package) StdoutLine: {'line': b'writing autonomous_litter_bot_package.egg-info/PKG-INFO\n'}
[3.913806] (autonomous_litter_bot_package) StdoutLine: {'line': b'writing dependency_links to autonomous_litter_bot_package.egg-info/dependency_links.txt\n'}
[3.918436] (autonomous_litter_bot_package) StdoutLine: {'line': b'writing entry points to autonomous_litter_bot_package.egg-info/entry_points.txt\n'}
[3.918706] (autonomous_litter_bot_package) StdoutLine: {'line': b'writing requirements to autonomous_litter_bot_package.egg-info/requires.txt\n'}
[3.918805] (autonomous_litter_bot_package) StdoutLine: {'line': b'writing top-level names to autonomous_litter_bot_package.egg-info/top_level.txt\n'}
[3.919341] (sllidar_ros2) StdoutLine: {'line': b'-- Override CMake install command with custom implementation using symlinks instead of copying resources\n'}
[3.988552] (-) TimerEvent: {}
[4.016416] (autonomous_litter_bot_package) StdoutLine: {'line': b"reading manifest file 'autonomous_litter_bot_package.egg-info/SOURCES.txt'\n"}
[4.016700] (autonomous_litter_bot_package) StdoutLine: {'line': b"writing manifest file 'autonomous_litter_bot_package.egg-info/SOURCES.txt'\n"}
[4.088760] (-) TimerEvent: {}
[4.092668] (autonomous_litter_bot_package) StdoutLine: {'line': b'running build_ext\n'}
[4.093057] (autonomous_litter_bot_package) StdoutLine: {'line': b'Creating /home/pi5/capstone-group8/ros2_ws/src/install/autonomous_litter_bot_package/lib/python3.12/site-packages/autonomous-litter-bot-package.egg-link (link to .)\n'}
[4.093677] (autonomous_litter_bot_package) StdoutLine: {'line': b'Installing orange_detection_node script to /home/pi5/capstone-group8/ros2_ws/src/install/autonomous_litter_bot_package/lib/autonomous_litter_bot_package\n'}
[4.094543] (autonomous_litter_bot_package) StdoutLine: {'line': b'Installing proto_sender_node script to /home/pi5/capstone-group8/ros2_ws/src/install/autonomous_litter_bot_package/lib/autonomous_litter_bot_package\n'}
[4.094851] (autonomous_litter_bot_package) StdoutLine: {'line': b'Installing trash_detection_node script to /home/pi5/capstone-group8/ros2_ws/src/install/autonomous_litter_bot_package/lib/autonomous_litter_bot_package\n'}
[4.097465] (autonomous_litter_bot_package) StdoutLine: {'line': b'\n'}
[4.097772] (autonomous_litter_bot_package) StdoutLine: {'line': b'Installed /home/pi5/capstone-group8/ros2_ws/src/build/autonomous_litter_bot_package\n'}
[4.097886] (autonomous_litter_bot_package) StdoutLine: {'line': b'running symlink_data\n'}
[4.129449] (ros2_mpu6050) StdoutLine: {'line': b'-- Found rclcpp: 28.1.16 (/opt/ros/jazzy/share/rclcpp/cmake)\n'}
[4.135057] (sllidar_ros2) StdoutLine: {'line': b'-- Found rclcpp: 28.1.16 (/opt/ros/jazzy/share/rclcpp/cmake)\n'}
[4.189922] (-) TimerEvent: {}
[4.294443] (autonomous_litter_bot_package) CommandEnded: {'returncode': 0}
[4.296385] (-) TimerEvent: {}
[4.323841] (autonomous_litter_bot_package) JobEnded: {'identifier': 'autonomous_litter_bot_package', 'rc': 0}
[4.379675] (ros2_mpu6050) StdoutLine: {'line': b'-- Found rosidl_generator_c: 4.6.7 (/opt/ros/jazzy/share/rosidl_generator_c/cmake)\n'}
[4.389887] (sllidar_ros2) StdoutLine: {'line': b'-- Found rosidl_generator_c: 4.6.7 (/opt/ros/jazzy/share/rosidl_generator_c/cmake)\n'}
[4.400350] (-) TimerEvent: {}
[4.464402] (sllidar_ros2) StdoutLine: {'line': b'-- Found rosidl_generator_cpp: 4.6.7 (/opt/ros/jazzy/share/rosidl_generator_cpp/cmake)\n'}
[4.471341] (ros2_mpu6050) StdoutLine: {'line': b'-- Found rosidl_generator_cpp: 4.6.7 (/opt/ros/jazzy/share/rosidl_generator_cpp/cmake)\n'}
[4.500735] (-) TimerEvent: {}
[4.552251] (sllidar_ros2) StdoutLine: {'line': b'-- Using all available rosidl_typesupport_c: rosidl_typesupport_fastrtps_c;rosidl_typesupport_introspection_c\n'}
[4.557360] (ros2_mpu6050) StdoutLine: {'line': b'-- Using all available rosidl_typesupport_c: rosidl_typesupport_fastrtps_c;rosidl_typesupport_introspection_c\n'}
[4.600882] (-) TimerEvent: {}
[4.658877] (sllidar_ros2) StdoutLine: {'line': b'-- Using all available rosidl_typesupport_cpp: rosidl_typesupport_fastrtps_cpp;rosidl_typesupport_introspection_cpp\n'}
[4.664386] (ros2_mpu6050) StdoutLine: {'line': b'-- Using all available rosidl_typesupport_cpp: rosidl_typesupport_fastrtps_cpp;rosidl_typesupport_introspection_cpp\n'}
[4.701035] (-) TimerEvent: {}
[4.801499] (-) TimerEvent: {}
[4.926537] (-) TimerEvent: {}
[5.029370] (-) TimerEvent: {}
[5.130148] (-) TimerEvent: {}
[5.196396] (ros2_mpu6050) StdoutLine: {'line': b'-- Found rmw_implementation_cmake: 7.3.3 (/opt/ros/jazzy/share/rmw_implementation_cmake/cmake)\n'}
[5.225519] (sllidar_ros2) StdoutLine: {'line': b'-- Found rmw_implementation_cmake: 7.3.3 (/opt/ros/jazzy/share/rmw_implementation_cmake/cmake)\n'}
[5.236760] (sllidar_ros2) StdoutLine: {'line': b'-- Found rmw_fastrtps_cpp: 8.4.3 (/opt/ros/jazzy/share/rmw_fastrtps_cpp/cmake)\n'}
[5.237171] (-) TimerEvent: {}
[5.241287] (ros2_mpu6050) StdoutLine: {'line': b'-- Found rmw_fastrtps_cpp: 8.4.3 (/opt/ros/jazzy/share/rmw_fastrtps_cpp/cmake)\n'}
[5.340369] (-) TimerEvent: {}
[5.440897] (-) TimerEvent: {}
[5.541453] (-) TimerEvent: {}
[5.646173] (-) TimerEvent: {}
[5.752788] (-) TimerEvent: {}
[5.853234] (-) TimerEvent: {}
[5.924447] (ros2_mpu6050) StdoutLine: {'line': b'-- Found OpenSSL: /usr/lib/aarch64-linux-gnu/libcrypto.so (found version "3.0.13")  \n'}
[5.927977] (sllidar_ros2) StdoutLine: {'line': b'-- Found OpenSSL: /usr/lib/aarch64-linux-gnu/libcrypto.so (found version "3.0.13")  \n'}
[5.953353] (-) TimerEvent: {}
[6.055037] (-) TimerEvent: {}
[6.151160] (ros2_mpu6050) StdoutLine: {'line': b'-- Found FastRTPS: /opt/ros/jazzy/include (Required is at least version "2.13") \n'}
[6.155488] (-) TimerEvent: {}
[6.198439] (sllidar_ros2) StdoutLine: {'line': b'-- Found FastRTPS: /opt/ros/jazzy/include (Required is at least version "2.13") \n'}
[6.264383] (-) TimerEvent: {}
[6.335411] (ros2_mpu6050) StdoutLine: {'line': b"-- Using RMW implementation 'rmw_fastrtps_cpp' as default\n"}
[6.337717] (sllidar_ros2) StdoutLine: {'line': b"-- Using RMW implementation 'rmw_fastrtps_cpp' as default\n"}
[6.364514] (-) TimerEvent: {}
[6.466384] (-) TimerEvent: {}
[6.569366] (-) TimerEvent: {}
[6.669848] (-) TimerEvent: {}
[6.747606] (ros2_mpu6050) StdoutLine: {'line': b'-- Found sensor_msgs: 5.3.6 (/opt/ros/jazzy/share/sensor_msgs/cmake)\n'}
[6.748311] (sllidar_ros2) StdoutLine: {'line': b'-- Found sensor_msgs: 5.3.6 (/opt/ros/jazzy/share/sensor_msgs/cmake)\n'}
[6.769977] (-) TimerEvent: {}
[6.872351] (-) TimerEvent: {}
[6.978354] (-) TimerEvent: {}
[7.081357] (-) TimerEvent: {}
[7.098413] (sllidar_ros2) StdoutLine: {'line': b'-- Found std_srvs: 5.3.6 (/opt/ros/jazzy/share/std_srvs/cmake)\n'}
[7.182159] (-) TimerEvent: {}
[7.282669] (-) TimerEvent: {}
[7.385548] (-) TimerEvent: {}
[7.485974] (-) TimerEvent: {}
[7.590798] (-) TimerEvent: {}
[7.693620] (-) TimerEvent: {}
[7.783395] (ros2_mpu6050) StdoutLine: {'line': b'-- Configuring done (7.1s)\n'}
[7.799388] (-) TimerEvent: {}
[7.853368] (ros2_mpu6050) StdoutLine: {'line': b'-- Generating done (0.0s)\n'}
[7.867556] (sllidar_ros2) StdoutLine: {'line': b'-- Configuring done (7.2s)\n'}
[7.870480] (ros2_mpu6050) StdoutLine: {'line': b'-- Build files have been written to: /home/pi5/capstone-group8/ros2_ws/src/build/ros2_mpu6050\n'}
[7.903363] (-) TimerEvent: {}
[7.907711] (ros2_mpu6050) CommandEnded: {'returncode': 0}
[7.910511] (ros2_mpu6050) JobProgress: {'identifier': 'ros2_mpu6050', 'progress': 'build'}
[7.910621] (ros2_mpu6050) Command: {'cmd': ['/usr/bin/cmake', '--build', '/home/pi5/capstone-group8/ros2_ws/src/build/ros2_mpu6050', '--', '-j4', '-l4'], 'cwd': '/home/pi5/capstone-group8/ros2_ws/src/build/ros2_mpu6050', 'env': OrderedDict({'GJS_DEBUG_TOPICS': 'JS ERROR;JS LOG', 'XDG_ACTIVATION_TOKEN': 'gnome-shell/Terminator/5395-0-pi5-desktop_TIME189427', 'LESSOPEN': '| /usr/bin/lesspipe %s', 'USER': 'pi5', 'SSH_AGENT_PID': '5118', 'XDG_SESSION_TYPE': 'x11', 'CLUTTER_DISABLE_MIPMAPPED_TEXT': '1', 'SHLVL': '2', 'LD_LIBRARY_PATH': '/opt/ros/jazzy/opt/rviz_ogre_vendor/lib:/opt/ros/jazzy/lib/aarch64-linux-gnu:/opt/ros/jazzy/opt/gz_math_vendor/lib:/opt/ros/jazzy/opt/gz_utils_vendor/lib:/opt/ros/jazzy/opt/gz_cmake_vendor/lib:/opt/ros/jazzy/lib', 'HOME': '/home/pi5', 'OLDPWD': '/home/pi5/capstone-group8/ros2_ws', 'GIO_LAUNCHED_DESKTOP_FILE': '/usr/share/applications/terminator.desktop', 'ROS_PYTHON_VERSION': '3', 'GTK_MODULES': 'gail:atk-bridge', 'MANAGERPID': '4850', 'SYSTEMD_EXEC_PID': '5395', 'XRDP_PULSE_SOURCE_SOCKET': 'xrdp_chansrv_audio_in_socket_10', 'XRDP_PULSE_SINK_SOCKET': 'xrdp_chansrv_audio_out_socket_10', 'GSM_SKIP_SSH_AGENT_WORKAROUND': 'true', 'DBUS_SESSION_BUS_ADDRESS': 'unix:path=/run/user/1000/bus', 'COLORTERM': 'truecolor', 'TERMINATOR_DBUS_NAME': 'net.tenshu.Terminator2bcb3aa092f2b6032576f3fd56ad9afe9', 'GIO_LAUNCHED_DESKTOP_FILE_PID': '6081', 'DEBUGINFOD_URLS': 'https://debuginfod.ubuntu.com', 'PULSE_SCRIPT': '/etc/xrdp/pulse/default.pa', 'IM_CONFIG_PHASE': '1', 'ROS_DISTRO': 'jazzy', 'GTK_IM_MODULE': 'ibus', 'LOGNAME': 'pi5', 'JOURNAL_STREAM': '8:29179', '_': '/usr/bin/colcon', 'ROS_VERSION': '2', 'MEMORY_PRESSURE_WATCH': '/sys/fs/cgroup/user.slice/user-1000.slice/user@1000.service/session.slice/org.gnome.Shell@x11.service/memory.pressure', 'XDG_SESSION_CLASS': 'user', 'TERM': 'xterm-256color', 'GNOME_DESKTOP_SESSION_ID': 'this-is-deprecated', 'PATH': '/opt/ros/jazzy/bin:/home/pi5/.local/bin:/usr/local/sbin:/usr/local/bin:/usr/sbin:/usr/bin:/sbin:/bin:/usr/games:/usr/local/games:/snap/bin', 'SESSION_MANAGER': 'local/pi5-desktop:@/tmp/.ICE-unix/5330,unix/pi5-desktop:/tmp/.ICE-unix/5330', 'INVOCATION_ID': '164353cce0d04b02b023f51772701d2c', 'XDG_MENU_PREFIX': 'gnome-', 'XRDP_SOCKET_PATH': '/run/xrdp/sockdir', 'XDG_RUNTIME_DIR': '/run/user/1000', 'DISPLAY': ':10.0', 'TERMINATOR_DBUS_PATH': '/net/tenshu/Terminator2', 'LANG': 'en_US.UTF-8', 'XDG_CURRENT_DESKTOP': 'GNOME', 'XMODIFIERS': '@im=ibus', 'LS_COLORS': 'rs=0:di=01;34:ln=01;36:mh=00:pi=40;33:so=01;35:do=01;35:bd=40;33;01:cd=40;33;01:or=40;31;01:mi=00:su=37;41:sg=30;43:ca=00:tw=30;42:ow=34;42:st=37;44:ex=01;32:*.tar=01;31:*.tgz=01;31:*.arc=01;31:*.arj=01;31:*.taz=01;31:*.lha=01;31:*.lz4=01;31:*.lzh=01;31:*.lzma=01;31:*.tlz=01;31:*.txz=01;31:*.tzo=01;31:*.t7z=01;31:*.zip=01;31:*.z=01;31:*.dz=01;31:*.gz=01;31:*.lrz=01;31:*.lz=01;31:*.lzo=01;31:*.xz=01;31:*.zst=01;31:*.tzst=01;31:*.bz2=01;31:*.bz=01;31:*.tbz=01;31:*.tbz2=01;31:*.tz=01;31:*.deb=01;31:*.rpm=01;31:*.jar=01;31:*.war=01;31:*.ear=01;31:*.sar=01;31:*.rar=01;31:*.alz=01;31:*.ace=01;31:*.zoo=01;31:*.cpio=01;31:*.7z=01;31:*.rz=01;31:*.cab=01;31:*.wim=01;31:*.swm=01;31:*.dwm=01;31:*.esd=01;31:*.avif=01;35:*.jpg=01;35:*.jpeg=01;35:*.mjpg=01;35:*.mjpeg=01;35:*.gif=01;35:*.bmp=01;35:*.pbm=01;35:*.pgm=01;35:*.ppm=01;35:*.tga=01;35:*.xbm=01;35:*.xpm=01;35:*.tif=01;35:*.tiff=01;35:*.png=01;35:*.svg=01;35:*.svgz=01;35:*.mng=01;35:*.pcx=01;35:*.mov=01;35:*.mpg=01;35:*.mpeg=01;35:*.m2v=01;35:*.mkv=01;35:*.webm=01;35:*.webp=01;35:*.ogm=01;35:*.mp4=01;35:*.m4v=01;35:*.mp4v=01;35:*.vob=01;35:*.qt=01;35:*.nuv=01;35:*.wmv=01;35:*.asf=01;35:*.rm=01;35:*.rmvb=01;35:*.flc=01;35:*.avi=01;35:*.fli=01;35:*.flv=01;35:*.gl=01;35:*.dl=01;35:*.xcf=01;35:*.xwd=01;35:*.yuv=01;35:*.cgm=01;35:*.emf=01;35:*.ogv=01;35:*.ogx=01;35:*.aac=00;36:*.au=00;36:*.flac=00;36:*.m4a=00;36:*.mid=00;36:*.midi=00;36:*.mka=00;36:*.mp3=00;36:*.mpc=00;36:*.ogg=00;36:*.ra=00;36:*.wav=00;36:*.oga=00;36:*.opus=00;36:*.spx=00;36:*.xspf=00;36:*~=00;90:*#=00;90:*.bak=00;90:*.crdownload=00;90:*.dpkg-dist=00;90:*.dpkg-new=00;90:*.dpkg-old=00;90:*.dpkg-tmp=00;90:*.old=00;90:*.orig=00;90:*.part=00;90:*.rej=00;90:*.rpmnew=00;90:*.rpmorig=00;90:*.rpmsave=00;90:*.swp=00;90:*.tmp=00;90:*.ucf-dist=00;90:*.ucf-new=00;90:*.ucf-old=00;90:', 'SSH_AUTH_SOCK': '/run/user/1000/keyring/ssh', 'AMENT_PREFIX_PATH': '/opt/ros/jazzy', 'UID': '1000', 'SHELL': '/bin/bash', 'TERMINATOR_UUID': 'urn:uuid:57a93a0b-224b-4c08-b531-a378d4cab3a8', 'QT_ACCESSIBILITY': '1', 'LESSCLOSE': '/usr/bin/lesspipe %s %s', 'XRDP_SESSION': '1', 'GPG_AGENT_INFO': '/run/user/1000/gnupg/S.gpg-agent:0:1', 'GJS_DEBUG_OUTPUT': 'stderr', 'ROS_AUTOMATIC_DISCOVERY_RANGE': 'SUBNET', 'QT_IM_MODULE': 'ibus', 'PWD': '/home/pi5/capstone-group8/ros2_ws/src/build/ros2_mpu6050', 'LC_ALL': 'en_US.UTF-8', 'CLUTTER_IM_MODULE': 'ibus', 'XDG_DATA_DIRS': '/usr/share/gnome:/usr/local/share:/usr/share:/var/lib/snapd/desktop', 'PYTHONPATH': '/opt/ros/jazzy/lib/python3.12/site-packages', 'COLCON': '1', 'MEMORY_PRESSURE_WRITE': 'c29tZSAyMDAwMDAgMjAwMDAwMAA=', 'VTE_VERSION': '7600', 'CMAKE_PREFIX_PATH': '/opt/ros/jazzy/opt/gz_math_vendor:/opt/ros/jazzy/opt/gz_utils_vendor:/opt/ros/jazzy/opt/gz_cmake_vendor:/opt/ros/jazzy'}), 'shell': False}
[7.981742] (sllidar_ros2) StdoutLine: {'line': b'-- Generating done (0.1s)\n'}
[7.992451] (sllidar_ros2) StdoutLine: {'line': b'-- Build files have been written to: /home/pi5/capstone-group8/ros2_ws/src/build/sllidar_ros2\n'}
[8.003514] (-) TimerEvent: {}
[8.047785] (sllidar_ros2) CommandEnded: {'returncode': 0}
[8.048441] (sllidar_ros2) JobProgress: {'identifier': 'sllidar_ros2', 'progress': 'build'}
[8.048480] (sllidar_ros2) Command: {'cmd': ['/usr/bin/cmake', '--build', '/home/pi5/capstone-group8/ros2_ws/src/build/sllidar_ros2', '--', '-j4', '-l4'], 'cwd': '/home/pi5/capstone-group8/ros2_ws/src/build/sllidar_ros2', 'env': OrderedDict({'GJS_DEBUG_TOPICS': 'JS ERROR;JS LOG', 'XDG_ACTIVATION_TOKEN': 'gnome-shell/Terminator/5395-0-pi5-desktop_TIME189427', 'LESSOPEN': '| /usr/bin/lesspipe %s', 'USER': 'pi5', 'SSH_AGENT_PID': '5118', 'XDG_SESSION_TYPE': 'x11', 'CLUTTER_DISABLE_MIPMAPPED_TEXT': '1', 'SHLVL': '2', 'LD_LIBRARY_PATH': '/opt/ros/jazzy/opt/rviz_ogre_vendor/lib:/opt/ros/jazzy/lib/aarch64-linux-gnu:/opt/ros/jazzy/opt/gz_math_vendor/lib:/opt/ros/jazzy/opt/gz_utils_vendor/lib:/opt/ros/jazzy/opt/gz_cmake_vendor/lib:/opt/ros/jazzy/lib', 'HOME': '/home/pi5', 'OLDPWD': '/home/pi5/capstone-group8/ros2_ws', 'GIO_LAUNCHED_DESKTOP_FILE': '/usr/share/applications/terminator.desktop', 'ROS_PYTHON_VERSION': '3', 'GTK_MODULES': 'gail:atk-bridge', 'MANAGERPID': '4850', 'SYSTEMD_EXEC_PID': '5395', 'XRDP_PULSE_SOURCE_SOCKET': 'xrdp_chansrv_audio_in_socket_10', 'XRDP_PULSE_SINK_SOCKET': 'xrdp_chansrv_audio_out_socket_10', 'GSM_SKIP_SSH_AGENT_WORKAROUND': 'true', 'DBUS_SESSION_BUS_ADDRESS': 'unix:path=/run/user/1000/bus', 'COLORTERM': 'truecolor', 'TERMINATOR_DBUS_NAME': 'net.tenshu.Terminator2bcb3aa092f2b6032576f3fd56ad9afe9', 'GIO_LAUNCHED_DESKTOP_FILE_PID': '6081', 'DEBUGINFOD_URLS': 'https://debuginfod.ubuntu.com', 'PULSE_SCRIPT': '/etc/xrdp/pulse/default.pa', 'IM_CONFIG_PHASE': '1', 'ROS_DISTRO': 'jazzy', 'GTK_IM_MODULE': 'ibus', 'LOGNAME': 'pi5', 'JOURNAL_STREAM': '8:29179', '_': '/usr/bin/colcon', 'ROS_VERSION': '2', 'MEMORY_PRESSURE_WATCH': '/sys/fs/cgroup/user.slice/user-1000.slice/user@1000.service/session.slice/org.gnome.Shell@x11.service/memory.pressure', 'XDG_SESSION_CLASS': 'user', 'TERM': 'xterm-256color', 'GNOME_DESKTOP_SESSION_ID': 'this-is-deprecated', 'PATH': '/opt/ros/jazzy/bin:/home/pi5/.local/bin:/usr/local/sbin:/usr/local/bin:/usr/sbin:/usr/bin:/sbin:/bin:/usr/games:/usr/local/games:/snap/bin', 'SESSION_MANAGER': 'local/pi5-desktop:@/tmp/.ICE-unix/5330,unix/pi5-desktop:/tmp/.ICE-unix/5330', 'INVOCATION_ID': '164353cce0d04b02b023f51772701d2c', 'XDG_MENU_PREFIX': 'gnome-', 'XRDP_SOCKET_PATH': '/run/xrdp/sockdir', 'XDG_RUNTIME_DIR': '/run/user/1000', 'DISPLAY': ':10.0', 'TERMINATOR_DBUS_PATH': '/net/tenshu/Terminator2', 'LANG': 'en_US.UTF-8', 'XDG_CURRENT_DESKTOP': 'GNOME', 'XMODIFIERS': '@im=ibus', 'LS_COLORS': 'rs=0:di=01;34:ln=01;36:mh=00:pi=40;33:so=01;35:do=01;35:bd=40;33;01:cd=40;33;01:or=40;31;01:mi=00:su=37;41:sg=30;43:ca=00:tw=30;42:ow=34;42:st=37;44:ex=01;32:*.tar=01;31:*.tgz=01;31:*.arc=01;31:*.arj=01;31:*.taz=01;31:*.lha=01;31:*.lz4=01;31:*.lzh=01;31:*.lzma=01;31:*.tlz=01;31:*.txz=01;31:*.tzo=01;31:*.t7z=01;31:*.zip=01;31:*.z=01;31:*.dz=01;31:*.gz=01;31:*.lrz=01;31:*.lz=01;31:*.lzo=01;31:*.xz=01;31:*.zst=01;31:*.tzst=01;31:*.bz2=01;31:*.bz=01;31:*.tbz=01;31:*.tbz2=01;31:*.tz=01;31:*.deb=01;31:*.rpm=01;31:*.jar=01;31:*.war=01;31:*.ear=01;31:*.sar=01;31:*.rar=01;31:*.alz=01;31:*.ace=01;31:*.zoo=01;31:*.cpio=01;31:*.7z=01;31:*.rz=01;31:*.cab=01;31:*.wim=01;31:*.swm=01;31:*.dwm=01;31:*.esd=01;31:*.avif=01;35:*.jpg=01;35:*.jpeg=01;35:*.mjpg=01;35:*.mjpeg=01;35:*.gif=01;35:*.bmp=01;35:*.pbm=01;35:*.pgm=01;35:*.ppm=01;35:*.tga=01;35:*.xbm=01;35:*.xpm=01;35:*.tif=01;35:*.tiff=01;35:*.png=01;35:*.svg=01;35:*.svgz=01;35:*.mng=01;35:*.pcx=01;35:*.mov=01;35:*.mpg=01;35:*.mpeg=01;35:*.m2v=01;35:*.mkv=01;35:*.webm=01;35:*.webp=01;35:*.ogm=01;35:*.mp4=01;35:*.m4v=01;35:*.mp4v=01;35:*.vob=01;35:*.qt=01;35:*.nuv=01;35:*.wmv=01;35:*.asf=01;35:*.rm=01;35:*.rmvb=01;35:*.flc=01;35:*.avi=01;35:*.fli=01;35:*.flv=01;35:*.gl=01;35:*.dl=01;35:*.xcf=01;35:*.xwd=01;35:*.yuv=01;35:*.cgm=01;35:*.emf=01;35:*.ogv=01;35:*.ogx=01;35:*.aac=00;36:*.au=00;36:*.flac=00;36:*.m4a=00;36:*.mid=00;36:*.midi=00;36:*.mka=00;36:*.mp3=00;36:*.mpc=00;36:*.ogg=00;36:*.ra=00;36:*.wav=00;36:*.oga=00;36:*.opus=00;36:*.spx=00;36:*.xspf=00;36:*~=00;90:*#=00;90:*.bak=00;90:*.crdownload=00;90:*.dpkg-dist=00;90:*.dpkg-new=00;90:*.dpkg-old=00;90:*.dpkg-tmp=00;90:*.old=00;90:*.orig=00;90:*.part=00;90:*.rej=00;90:*.rpmnew=00;90:*.rpmorig=00;90:*.rpmsave=00;90:*.swp=00;90:*.tmp=00;90:*.ucf-dist=00;90:*.ucf-new=00;90:*.ucf-old=00;90:', 'SSH_AUTH_SOCK': '/run/user/1000/keyring/ssh', 'AMENT_PREFIX_PATH': '/opt/ros/jazzy', 'UID': '1000', 'SHELL': '/bin/bash', 'TERMINATOR_UUID': 'urn:uuid:57a93a0b-224b-4c08-b531-a378d4cab3a8', 'QT_ACCESSIBILITY': '1', 'LESSCLOSE': '/usr/bin/lesspipe %s %s', 'XRDP_SESSION': '1', 'GPG_AGENT_INFO': '/run/user/1000/gnupg/S.gpg-agent:0:1', 'GJS_DEBUG_OUTPUT': 'stderr', 'ROS_AUTOMATIC_DISCOVERY_RANGE': 'SUBNET', 'QT_IM_MODULE': 'ibus', 'PWD': '/home/pi5/capstone-group8/ros2_ws/src/build/sllidar_ros2', 'LC_ALL': 'en_US.UTF-8', 'CLUTTER_IM_MODULE': 'ibus', 'XDG_DATA_DIRS': '/usr/share/gnome:/usr/local/share:/usr/share:/var/lib/snapd/desktop', 'PYTHONPATH': '/opt/ros/jazzy/lib/python3.12/site-packages', 'COLCON': '1', 'MEMORY_PRESSURE_WRITE': 'c29tZSAyMDAwMDAgMjAwMDAwMAA=', 'VTE_VERSION': '7600', 'CMAKE_PREFIX_PATH': '/opt/ros/jazzy/opt/gz_math_vendor:/opt/ros/jazzy/opt/gz_utils_vendor:/opt/ros/jazzy/opt/gz_cmake_vendor:/opt/ros/jazzy'}), 'shell': False}
[8.106513] (-) TimerEvent: {}
[8.145718] (ros2_mpu6050) StdoutLine: {'line': b'[ 25%] \x1b[32mBuilding CXX object CMakeFiles/ros2_mpu6050_calibrate.dir/src/mpu6050_calibrate.cpp.o\x1b[0m\n'}
[8.147346] (ros2_mpu6050) StdoutLine: {'line': b'[ 25%] \x1b[32mBuilding CXX object CMakeFiles/ros2_mpu6050_calibrate.dir/src/mpu6050_hal.cpp.o\x1b[0m\n'}
[8.147658] (ros2_mpu6050) StdoutLine: {'line': b'[ 37%] \x1b[32mBuilding CXX object CMakeFiles/ros2_mpu6050_calibrate.dir/src/mpu6050.cpp.o\x1b[0m\n'}
[8.177347] (ros2_mpu6050) StdoutLine: {'line': b'[ 50%] \x1b[32mBuilding CXX object CMakeFiles/ros2_mpu6050.dir/src/mpu6050.cpp.o\x1b[0m\n'}
[8.206602] (-) TimerEvent: {}
[8.311376] (-) TimerEvent: {}
[8.334107] (sllidar_ros2) StdoutLine: {'line': b'[  5%] \x1b[32mBuilding CXX object CMakeFiles/sllidar_client.dir/src/sllidar_client.cpp.o\x1b[0m\n'}
[8.370361] (sllidar_ros2) StdoutLine: {'line': b'[ 10%] \x1b[32mBuilding CXX object CMakeFiles/sllidar_node.dir/sdk/src/arch/linux/net_serial.cpp.o\x1b[0m\n'}
[8.420449] (-) TimerEvent: {}
[8.441409] (sllidar_ros2) StdoutLine: {'line': b'[ 15%] \x1b[32mBuilding CXX object CMakeFiles/sllidar_node.dir/sdk/src/arch/linux/net_socket.cpp.o\x1b[0m\n'}
[8.484303] (sllidar_ros2) StdoutLine: {'line': b'[ 20%] \x1b[32mBuilding CXX object CMakeFiles/sllidar_node.dir/src/sllidar_node.cpp.o\x1b[0m\n'}
[8.534359] (-) TimerEvent: {}
[8.634776] (-) TimerEvent: {}
[8.735166] (-) TimerEvent: {}
[8.841357] (-) TimerEvent: {}
[8.945337] (-) TimerEvent: {}
[9.054631] (-) TimerEvent: {}
[9.165362] (-) TimerEvent: {}
[9.268348] (-) TimerEvent: {}
[9.374476] (-) TimerEvent: {}
[9.475113] (-) TimerEvent: {}
[9.580367] (-) TimerEvent: {}
[9.680845] (-) TimerEvent: {}
[9.790343] (-) TimerEvent: {}
[9.893350] (-) TimerEvent: {}
[9.993843] (-) TimerEvent: {}
[10.094325] (-) TimerEvent: {}
[10.201438] (-) TimerEvent: {}
[10.307368] (-) TimerEvent: {}
[10.408085] (-) TimerEvent: {}
[10.514592] (-) TimerEvent: {}
[10.592658] (ros2_mpu6050) StdoutLine: {'line': b'[ 62%] \x1b[32mBuilding CXX object CMakeFiles/ros2_mpu6050.dir/src/mpu6050_hal.cpp.o\x1b[0m\n'}
[10.620364] (-) TimerEvent: {}
[10.661348] (ros2_mpu6050) StdoutLine: {'line': b'[ 75%] \x1b[32mBuilding CXX object CMakeFiles/ros2_mpu6050.dir/src/mpu6050_node.cpp.o\x1b[0m\n'}
[10.722378] (-) TimerEvent: {}
[10.822972] (-) TimerEvent: {}
[10.932349] (-) TimerEvent: {}
[11.037357] (-) TimerEvent: {}
[11.141357] (-) TimerEvent: {}
[11.170535] (sllidar_ros2) StderrLine: {'line': b'In file included from \x1b[01m\x1b[K/home/pi5/capstone-group8/ros2_ws/src/sllidar_ros2/./sdk/include/rplidar_protocol.h:36\x1b[m\x1b[K,\n'}
[11.170940] (sllidar_ros2) StderrLine: {'line': b'                 from \x1b[01m\x1b[K/home/pi5/capstone-group8/ros2_ws/src/sllidar_ros2/./sdk/include/rplidar.h:39\x1b[m\x1b[K,\n'}
[11.171114] (sllidar_ros2) StderrLine: {'line': b'                 from \x1b[01m\x1b[K/home/pi5/capstone-group8/ros2_ws/src/sllidar_ros2/./sdk/src/sdkcommon.h:49\x1b[m\x1b[K,\n'}
[11.171279] (sllidar_ros2) StderrLine: {'line': b'                 from \x1b[01m\x1b[K/home/pi5/capstone-group8/ros2_ws/src/sllidar_ros2/sdk/src/arch/linux/net_socket.cpp:10\x1b[m\x1b[K:\n'}
[11.171417] (sllidar_ros2) StderrLine: {'line': b'\x1b[01m\x1b[K/home/pi5/capstone-group8/ros2_ws/src/sllidar_ros2/./sdk/include/sl_lidar_protocol.h:66:16:\x1b[m\x1b[K \x1b[01;35m\x1b[Kwarning: \x1b[m\x1b[KISO C++ forbids zero-size array \xe2\x80\x98\x1b[01m\x1b[Kdata\x1b[m\x1b[K\xe2\x80\x99 [\x1b[01;35m\x1b[K\x1b]8;;https://gcc.gnu.org/onlinedocs/gcc/Warning-Options.html#index-Wpedantic\x07-Wpedantic\x1b]8;;\x07\x1b[m\x1b[K]\n'}
[11.171520] (sllidar_ros2) StderrLine: {'line': b'   66 |     sl_u8 data[\x1b[01;35m\x1b[K0\x1b[m\x1b[K];\n'}
[11.171599] (sllidar_ros2) StderrLine: {'line': b'      |                \x1b[01;35m\x1b[K^\x1b[m\x1b[K\n'}
[11.171674] (sllidar_ros2) StderrLine: {'line': b'In file included from \x1b[01m\x1b[K/home/pi5/capstone-group8/ros2_ws/src/sllidar_ros2/./sdk/include/rplidar_cmd.h:36\x1b[m\x1b[K,\n'}
[11.171747] (sllidar_ros2) StderrLine: {'line': b'                 from \x1b[01m\x1b[K/home/pi5/capstone-group8/ros2_ws/src/sllidar_ros2/./sdk/include/rplidar.h:40\x1b[m\x1b[K:\n'}
[11.171821] (sllidar_ros2) StderrLine: {'line': b'\x1b[01m\x1b[K/home/pi5/capstone-group8/ros2_ws/src/sllidar_ros2/./sdk/include/sl_lidar_cmd.h:324:20:\x1b[m\x1b[K \x1b[01;35m\x1b[Kwarning: \x1b[m\x1b[KISO C++ forbids zero-size array \xe2\x80\x98\x1b[01m\x1b[Kpayload\x1b[m\x1b[K\xe2\x80\x99 [\x1b[01;35m\x1b[K\x1b]8;;https://gcc.gnu.org/onlinedocs/gcc/Warning-Options.html#index-Wpedantic\x07-Wpedantic\x1b]8;;\x07\x1b[m\x1b[K]\n'}
[11.171901] (sllidar_ros2) StderrLine: {'line': b'  324 |     sl_u8  payload[\x1b[01;35m\x1b[K0\x1b[m\x1b[K];\n'}
[11.171975] (sllidar_ros2) StderrLine: {'line': b'      |                    \x1b[01;35m\x1b[K^\x1b[m\x1b[K\n'}
[11.253357] (-) TimerEvent: {}
[11.280510] (sllidar_ros2) StderrLine: {'line': b'In file included from \x1b[01m\x1b[K/home/pi5/capstone-group8/ros2_ws/src/sllidar_ros2/./sdk/src/arch/linux/arch_linux.h:42\x1b[m\x1b[K,\n'}
[11.280799] (sllidar_ros2) StderrLine: {'line': b'                 from \x1b[01m\x1b[K/home/pi5/capstone-group8/ros2_ws/src/sllidar_ros2/./sdk/src/sdkcommon.h:41\x1b[m\x1b[K:\n'}
[11.280911] (sllidar_ros2) StderrLine: {'line': b'\x1b[01m\x1b[K/home/pi5/capstone-group8/ros2_ws/src/sllidar_ros2/sdk/src/arch/linux/net_socket.cpp:\x1b[m\x1b[K In member function \xe2\x80\x98\x1b[01m\x1b[Kvirtual u_result rp::arch::net::DGramSocketImpl::\x1b[01;32m\x1b[KsendTo\x1b[m\x1b[K(const rp::net::SocketAddress*, const void*, size_t)\x1b[m\x1b[K\xe2\x80\x99:\n'}
[11.281038] (sllidar_ros2) StderrLine: {'line': b'\x1b[01m\x1b[K/home/pi5/capstone-group8/ros2_ws/src/sllidar_ros2/sdk/src/arch/linux/net_socket.cpp:733:24:\x1b[m\x1b[K \x1b[01;35m\x1b[Kwarning: \x1b[m\x1b[Kcomparison of integer expressions of different signedness: \xe2\x80\x98\x1b[01m\x1b[Kint\x1b[m\x1b[K\xe2\x80\x99 and \xe2\x80\x98\x1b[01m\x1b[Ksize_t\x1b[m\x1b[K\xe2\x80\x99 {aka \xe2\x80\x98\x1b[01m\x1b[Klong unsigned int\x1b[m\x1b[K\xe2\x80\x99} [\x1b[01;35m\x1b[K\x1b]8;;https://gcc.gnu.org/onlinedocs/gcc/Warning-Options.html#index-Wsign-compare\x07-Wsign-compare\x1b]8;;\x07\x1b[m\x1b[K]\n'}
[11.281131] (sllidar_ros2) StderrLine: {'line': b'  733 |             assert(\x1b[01;35m\x1b[Kans == len\x1b[m\x1b[K);\n'}
[11.281224] (sllidar_ros2) StderrLine: {'line': b'      |                    \x1b[01;35m\x1b[K~~~~^~~~~~\x1b[m\x1b[K\n'}
[11.353481] (-) TimerEvent: {}
[11.458365] (-) TimerEvent: {}
[11.563358] (-) TimerEvent: {}
[11.663782] (-) TimerEvent: {}
[11.764237] (-) TimerEvent: {}
[11.857524] (sllidar_ros2) StderrLine: {'line': b'\x1b[01m\x1b[K/home/pi5/capstone-group8/ros2_ws/src/sllidar_ros2/sdk/src/arch/linux/net_serial.cpp:\x1b[m\x1b[K In member function \xe2\x80\x98\x1b[01m\x1b[Kbool rp::arch::net::raw_serial::\x1b[01;32m\x1b[Kopen\x1b[m\x1b[K(const char*, uint32_t, uint32_t)\x1b[m\x1b[K\xe2\x80\x99:\n'}
[11.857979] (sllidar_ros2) StderrLine: {'line': b'\x1b[01m\x1b[K/home/pi5/capstone-group8/ros2_ws/src/sllidar_ros2/sdk/src/arch/linux/net_serial.cpp:97:74:\x1b[m\x1b[K \x1b[01;35m\x1b[Kwarning: \x1b[m\x1b[Kunused parameter \xe2\x80\x98\x1b[01m\x1b[Kflags\x1b[m\x1b[K\xe2\x80\x99 [\x1b[01;35m\x1b[K\x1b]8;;https://gcc.gnu.org/onlinedocs/gcc/Warning-Options.html#index-Wunused-parameter\x07-Wunused-parameter\x1b]8;;\x07\x1b[m\x1b[K]\n'}
[11.859756] (sllidar_ros2) StderrLine: {'line': b'   97 | bool raw_serial::open(const char * portname, uint32_t baudrate, \x1b[01;35m\x1b[Kuint32_t flags\x1b[m\x1b[K)\n'}
[11.860111] (sllidar_ros2) StderrLine: {'line': b'      |                                                                 \x1b[01;35m\x1b[K~~~~~~~~~^~~~~\x1b[m\x1b[K\n'}
[11.860294] (sllidar_ros2) StderrLine: {'line': b'\x1b[01m\x1b[K/home/pi5/capstone-group8/ros2_ws/src/sllidar_ros2/sdk/src/arch/linux/net_serial.cpp:\x1b[m\x1b[K In member function \xe2\x80\x98\x1b[01m\x1b[Kvirtual void rp::arch::net::raw_serial::\x1b[01;32m\x1b[Kflush\x1b[m\x1b[K(_u32)\x1b[m\x1b[K\xe2\x80\x99:\n'}
[11.865563] (sllidar_ros2) StderrLine: {'line': b'\x1b[01m\x1b[K/home/pi5/capstone-group8/ros2_ws/src/sllidar_ros2/sdk/src/arch/linux/net_serial.cpp:281:30:\x1b[m\x1b[K \x1b[01;35m\x1b[Kwarning: \x1b[m\x1b[Kunused parameter \xe2\x80\x98\x1b[01m\x1b[Kflags\x1b[m\x1b[K\xe2\x80\x99 [\x1b[01;35m\x1b[K\x1b]8;;https://gcc.gnu.org/onlinedocs/gcc/Warning-Options.html#index-Wunused-parameter\x07-Wunused-parameter\x1b]8;;\x07\x1b[m\x1b[K]\n'}
[11.865947] (-) TimerEvent: {}
[11.866196] (sllidar_ros2) StderrLine: {'line': b'  281 | void raw_serial::flush( \x1b[01;35m\x1b[K_u32 flags\x1b[m\x1b[K)\n'}
[11.866450] (sllidar_ros2) StderrLine: {'line': b'      |                         \x1b[01;35m\x1b[K~~~~~^~~~~\x1b[m\x1b[K\n'}
[11.866599] (sllidar_ros2) StderrLine: {'line': b'\x1b[01m\x1b[K/home/pi5/capstone-group8/ros2_ws/src/sllidar_ros2/sdk/src/arch/linux/net_serial.cpp:\x1b[m\x1b[K In member function \xe2\x80\x98\x1b[01m\x1b[Kvirtual int rp::arch::net::raw_serial::\x1b[01;32m\x1b[Kwaitforsent\x1b[m\x1b[K(_u32, size_t*)\x1b[m\x1b[K\xe2\x80\x99:\n'}
[11.866775] (sllidar_ros2) StderrLine: {'line': b'\x1b[01m\x1b[K/home/pi5/capstone-group8/ros2_ws/src/sllidar_ros2/sdk/src/arch/linux/net_serial.cpp:286:34:\x1b[m\x1b[K \x1b[01;35m\x1b[Kwarning: \x1b[m\x1b[Kunused parameter \xe2\x80\x98\x1b[01m\x1b[Ktimeout\x1b[m\x1b[K\xe2\x80\x99 [\x1b[01;35m\x1b[K\x1b]8;;https://gcc.gnu.org/onlinedocs/gcc/Warning-Options.html#index-Wunused-parameter\x07-Wunused-parameter\x1b]8;;\x07\x1b[m\x1b[K]\n'}
[11.866915] (sllidar_ros2) StderrLine: {'line': b'  286 | int raw_serial::waitforsent(\x1b[01;35m\x1b[K_u32 timeout\x1b[m\x1b[K, size_t * returned_size)\n'}
[11.867028] (sllidar_ros2) StderrLine: {'line': b'      |                             \x1b[01;35m\x1b[K~~~~~^~~~~~~\x1b[m\x1b[K\n'}
[11.867147] (sllidar_ros2) StderrLine: {'line': b'\x1b[01m\x1b[K/home/pi5/capstone-group8/ros2_ws/src/sllidar_ros2/sdk/src/arch/linux/net_serial.cpp:\x1b[m\x1b[K In member function \xe2\x80\x98\x1b[01m\x1b[Kvirtual int rp::arch::net::raw_serial::\x1b[01;32m\x1b[Kwaitforrecv\x1b[m\x1b[K(_u32, size_t*)\x1b[m\x1b[K\xe2\x80\x99:\n'}
[11.867393] (sllidar_ros2) StderrLine: {'line': b'\x1b[01m\x1b[K/home/pi5/capstone-group8/ros2_ws/src/sllidar_ros2/sdk/src/arch/linux/net_serial.cpp:292:34:\x1b[m\x1b[K \x1b[01;35m\x1b[Kwarning: \x1b[m\x1b[Kunused parameter \xe2\x80\x98\x1b[01m\x1b[Ktimeout\x1b[m\x1b[K\xe2\x80\x99 [\x1b[01;35m\x1b[K\x1b]8;;https://gcc.gnu.org/onlinedocs/gcc/Warning-Options.html#index-Wunused-parameter\x07-Wunused-parameter\x1b]8;;\x07\x1b[m\x1b[K]\n'}
[11.867738] (sllidar_ros2) StderrLine: {'line': b'  292 | int raw_serial::waitforrecv(\x1b[01;35m\x1b[K_u32 timeout\x1b[m\x1b[K, size_t * returned_size)\n'}
[11.867948] (sllidar_ros2) StderrLine: {'line': b'      |                             \x1b[01;35m\x1b[K~~~~~^~~~~~~\x1b[m\x1b[K\n'}
[11.876443] (sllidar_ros2) StderrLine: {'line': b'\x1b[01m\x1b[K/home/pi5/capstone-group8/ros2_ws/src/sllidar_ros2/sdk/src/arch/linux/net_serial.cpp:\x1b[m\x1b[K In member function \xe2\x80\x98\x1b[01m\x1b[Kvirtual void rp::arch::net::raw_serial::\x1b[01;32m\x1b[KcancelOperation\x1b[m\x1b[K()\x1b[m\x1b[K\xe2\x80\x99:\n'}
[11.876778] (sllidar_ros2) StderrLine: {'line': b'\x1b[01m\x1b[K/home/pi5/capstone-group8/ros2_ws/src/sllidar_ros2/sdk/src/arch/linux/net_serial.cpp:427:5:\x1b[m\x1b[K \x1b[01;35m\x1b[Kwarning: \x1b[m\x1b[Kvalue computed is not used [\x1b[01;35m\x1b[K\x1b]8;;https://gcc.gnu.org/onlinedocs/gcc/Warning-Options.html#index-Wunused-value\x07-Wunused-value\x1b]8;;\x07\x1b[m\x1b[K]\n'}
[11.876948] (sllidar_ros2) StderrLine: {'line': b'  427 |     \x1b[01;35m\x1b[K(int)::write(_selfpipe[1], "x", 1)\x1b[m\x1b[K;\n'}
[11.877069] (sllidar_ros2) StderrLine: {'line': b'      |     \x1b[01;35m\x1b[K^~~~~~~~~~~~~~~~~~~~~~~~~~~~~~~~~~\x1b[m\x1b[K\n'}
[11.968353] (-) TimerEvent: {}
[11.982460] (ros2_mpu6050) StdoutLine: {'line': b'[ 87%] \x1b[32m\x1b[1mLinking CXX executable ros2_mpu6050_calibrate\x1b[0m\n'}
[12.071363] (-) TimerEvent: {}
[12.173155] (-) TimerEvent: {}
[12.279614] (-) TimerEvent: {}
[12.284658] (sllidar_ros2) StdoutLine: {'line': b'[ 25%] \x1b[32mBuilding CXX object CMakeFiles/sllidar_node.dir/sdk/src/arch/linux/timer.cpp.o\x1b[0m\n'}
[12.388361] (-) TimerEvent: {}
[12.491377] (-) TimerEvent: {}
[12.593383] (-) TimerEvent: {}
[12.685140] (ros2_mpu6050) StdoutLine: {'line': b'[ 87%] Built target ros2_mpu6050_calibrate\n'}
[12.693519] (-) TimerEvent: {}
[12.743392] (sllidar_ros2) StdoutLine: {'line': b'[ 30%] \x1b[32mBuilding CXX object CMakeFiles/sllidar_node.dir/sdk/src/dataunpacker/dataunpacker.cpp.o\x1b[0m\n'}
[12.793669] (-) TimerEvent: {}
[12.895525] (-) TimerEvent: {}
[12.996182] (-) TimerEvent: {}
[13.096676] (-) TimerEvent: {}
[13.197141] (-) TimerEvent: {}
[13.303366] (-) TimerEvent: {}
[13.403839] (-) TimerEvent: {}
[13.506345] (-) TimerEvent: {}
[13.609357] (-) TimerEvent: {}
[13.712581] (-) TimerEvent: {}
[13.816363] (-) TimerEvent: {}
[13.918357] (-) TimerEvent: {}
[14.021345] (-) TimerEvent: {}
[14.121777] (-) TimerEvent: {}
[14.222574] (-) TimerEvent: {}
[14.323037] (-) TimerEvent: {}
[14.425371] (-) TimerEvent: {}
[14.525812] (-) TimerEvent: {}
[14.634362] (-) TimerEvent: {}
[14.737366] (-) TimerEvent: {}
[14.837858] (-) TimerEvent: {}
[14.938370] (-) TimerEvent: {}
[15.046359] (-) TimerEvent: {}
[15.146824] (-) TimerEvent: {}
[15.247288] (-) TimerEvent: {}
[15.350348] (-) TimerEvent: {}
[15.452350] (-) TimerEvent: {}
[15.479355] (sllidar_ros2) StderrLine: {'line': b'In file included from \x1b[01m\x1b[K/home/pi5/capstone-group8/ros2_ws/src/sllidar_ros2/./sdk/include/rplidar_protocol.h:36\x1b[m\x1b[K,\n'}
[15.479713] (sllidar_ros2) StderrLine: {'line': b'                 from \x1b[01m\x1b[K/home/pi5/capstone-group8/ros2_ws/src/sllidar_ros2/./sdk/include/rplidar.h:39\x1b[m\x1b[K,\n'}
[15.479862] (sllidar_ros2) StderrLine: {'line': b'                 from \x1b[01m\x1b[K/home/pi5/capstone-group8/ros2_ws/src/sllidar_ros2/./sdk/src/sdkcommon.h:49\x1b[m\x1b[K,\n'}
[15.479976] (sllidar_ros2) StderrLine: {'line': b'                 from \x1b[01m\x1b[K/home/pi5/capstone-group8/ros2_ws/src/sllidar_ros2/sdk/src/dataunpacker/dataunnpacker_commondef.h:41\x1b[m\x1b[K,\n'}
[15.480112] (sllidar_ros2) StderrLine: {'line': b'                 from \x1b[01m\x1b[K/home/pi5/capstone-group8/ros2_ws/src/sllidar_ros2/sdk/src/dataunpacker/dataunpacker.cpp:39\x1b[m\x1b[K:\n'}
[15.480225] (sllidar_ros2) StderrLine: {'line': b'\x1b[01m\x1b[K/home/pi5/capstone-group8/ros2_ws/src/sllidar_ros2/./sdk/include/sl_lidar_protocol.h:66:16:\x1b[m\x1b[K \x1b[01;35m\x1b[Kwarning: \x1b[m\x1b[KISO C++ forbids zero-size array \xe2\x80\x98\x1b[01m\x1b[Kdata\x1b[m\x1b[K\xe2\x80\x99 [\x1b[01;35m\x1b[K\x1b]8;;https://gcc.gnu.org/onlinedocs/gcc/Warning-Options.html#index-Wpedantic\x07-Wpedantic\x1b]8;;\x07\x1b[m\x1b[K]\n'}
[15.480407] (sllidar_ros2) StderrLine: {'line': b'   66 |     sl_u8 data[\x1b[01;35m\x1b[K0\x1b[m\x1b[K];\n'}
[15.480559] (sllidar_ros2) StderrLine: {'line': b'      |                \x1b[01;35m\x1b[K^\x1b[m\x1b[K\n'}
[15.480696] (sllidar_ros2) StderrLine: {'line': b'In file included from \x1b[01m\x1b[K/home/pi5/capstone-group8/ros2_ws/src/sllidar_ros2/./sdk/include/rplidar_cmd.h:36\x1b[m\x1b[K,\n'}
[15.480833] (sllidar_ros2) StderrLine: {'line': b'                 from \x1b[01m\x1b[K/home/pi5/capstone-group8/ros2_ws/src/sllidar_ros2/./sdk/include/rplidar.h:40\x1b[m\x1b[K:\n'}
[15.480952] (sllidar_ros2) StderrLine: {'line': b'\x1b[01m\x1b[K/home/pi5/capstone-group8/ros2_ws/src/sllidar_ros2/./sdk/include/sl_lidar_cmd.h:324:20:\x1b[m\x1b[K \x1b[01;35m\x1b[Kwarning: \x1b[m\x1b[KISO C++ forbids zero-size array \xe2\x80\x98\x1b[01m\x1b[Kpayload\x1b[m\x1b[K\xe2\x80\x99 [\x1b[01;35m\x1b[K\x1b]8;;https://gcc.gnu.org/onlinedocs/gcc/Warning-Options.html#index-Wpedantic\x07-Wpedantic\x1b]8;;\x07\x1b[m\x1b[K]\n'}
[15.481153] (sllidar_ros2) StderrLine: {'line': b'  324 |     sl_u8  payload[\x1b[01;35m\x1b[K0\x1b[m\x1b[K];\n'}
[15.481322] (sllidar_ros2) StderrLine: {'line': b'      |                    \x1b[01;35m\x1b[K^\x1b[m\x1b[K\n'}
[15.560350] (-) TimerEvent: {}
[15.663361] (-) TimerEvent: {}
[15.763808] (-) TimerEvent: {}
[15.866392] (-) TimerEvent: {}
[15.961060] (sllidar_ros2) StderrLine: {'line': b'In file included from \x1b[01m\x1b[K/home/pi5/capstone-group8/ros2_ws/src/sllidar_ros2/sdk/src/dataunpacker/dataunpacker.cpp:40\x1b[m\x1b[K:\n'}
[15.961718] (sllidar_ros2) StderrLine: {'line': b'\x1b[01m\x1b[K/home/pi5/capstone-group8/ros2_ws/src/sllidar_ros2/sdk/src/dataunpacker/dataunpacker.h:\x1b[m\x1b[K In member function \xe2\x80\x98\x1b[01m\x1b[Kvirtual void sl::internal::LIDARSampleDataListener::\x1b[01;32m\x1b[KonCustomSampleDataDecoded\x1b[m\x1b[K(_u8, _u32, const void*, size_t)\x1b[m\x1b[K\xe2\x80\x99:\n'}
[15.962052] (sllidar_ros2) StderrLine: {'line': b'\x1b[01m\x1b[K/home/pi5/capstone-group8/ros2_ws/src/sllidar_ros2/sdk/src/dataunpacker/dataunpacker.h:54:52:\x1b[m\x1b[K \x1b[01;35m\x1b[Kwarning: \x1b[m\x1b[Kunused parameter \xe2\x80\x98\x1b[01m\x1b[KansType\x1b[m\x1b[K\xe2\x80\x99 [\x1b[01;35m\x1b[K\x1b]8;;https://gcc.gnu.org/onlinedocs/gcc/Warning-Options.html#index-Wunused-parameter\x07-Wunused-parameter\x1b]8;;\x07\x1b[m\x1b[K]\n'}
[15.962208] (sllidar_ros2) StderrLine: {'line': b'   54 |         virtual void onCustomSampleDataDecoded(\x1b[01;35m\x1b[K_u8 ansType\x1b[m\x1b[K, _u32 customCode, const void* data, size_t size) {}\n'}
[15.962365] (sllidar_ros2) StderrLine: {'line': b'      |                                                \x1b[01;35m\x1b[K~~~~^~~~~~~\x1b[m\x1b[K\n'}
[15.962482] (sllidar_ros2) StderrLine: {'line': b'\x1b[01m\x1b[K/home/pi5/capstone-group8/ros2_ws/src/sllidar_ros2/sdk/src/dataunpacker/dataunpacker.h:54:66:\x1b[m\x1b[K \x1b[01;35m\x1b[Kwarning: \x1b[m\x1b[Kunused parameter \xe2\x80\x98\x1b[01m\x1b[KcustomCode\x1b[m\x1b[K\xe2\x80\x99 [\x1b[01;35m\x1b[K\x1b]8;;https://gcc.gnu.org/onlinedocs/gcc/Warning-Options.html#index-Wunused-parameter\x07-Wunused-parameter\x1b]8;;\x07\x1b[m\x1b[K]\n'}
[15.962593] (sllidar_ros2) StderrLine: {'line': b'   54 |         virtual void onCustomSampleDataDecoded(_u8 ansType, \x1b[01;35m\x1b[K_u32 customCode\x1b[m\x1b[K, const void* data, size_t size) {}\n'}
[15.962693] (sllidar_ros2) StderrLine: {'line': b'      |                                                             \x1b[01;35m\x1b[K~~~~~^~~~~~~~~~\x1b[m\x1b[K\n'}
[15.962795] (sllidar_ros2) StderrLine: {'line': b'\x1b[01m\x1b[K/home/pi5/capstone-group8/ros2_ws/src/sllidar_ros2/sdk/src/dataunpacker/dataunpacker.h:54:90:\x1b[m\x1b[K \x1b[01;35m\x1b[Kwarning: \x1b[m\x1b[Kunused parameter \xe2\x80\x98\x1b[01m\x1b[Kdata\x1b[m\x1b[K\xe2\x80\x99 [\x1b[01;35m\x1b[K\x1b]8;;https://gcc.gnu.org/onlinedocs/gcc/Warning-Options.html#index-Wunused-parameter\x07-Wunused-parameter\x1b]8;;\x07\x1b[m\x1b[K]\n'}
[15.962905] (sllidar_ros2) StderrLine: {'line': b'   54 |         virtual void onCustomSampleDataDecoded(_u8 ansType, _u32 customCode, \x1b[01;35m\x1b[Kconst void* data\x1b[m\x1b[K, size_t size) {}\n'}
[15.963012] (sllidar_ros2) StderrLine: {'line': b'      |                                                                              \x1b[01;35m\x1b[K~~~~~~~~~~~~^~~~\x1b[m\x1b[K\n'}
[15.963114] (sllidar_ros2) StderrLine: {'line': b'\x1b[01m\x1b[K/home/pi5/capstone-group8/ros2_ws/src/sllidar_ros2/sdk/src/dataunpacker/dataunpacker.h:54:103:\x1b[m\x1b[K \x1b[01;35m\x1b[Kwarning: \x1b[m\x1b[Kunused parameter \xe2\x80\x98\x1b[01m\x1b[Ksize\x1b[m\x1b[K\xe2\x80\x99 [\x1b[01;35m\x1b[K\x1b]8;;https://gcc.gnu.org/onlinedocs/gcc/Warning-Options.html#index-Wunused-parameter\x07-Wunused-parameter\x1b]8;;\x07\x1b[m\x1b[K]\n'}
[15.970494] (sllidar_ros2) StderrLine: {'line': b'   54 |         virtual void onCustomSampleDataDecoded(_u8 ansType, _u32 customCode, const void* data, \x1b[01;35m\x1b[Ksize_t size\x1b[m\x1b[K) {}\n'}
[15.970832] (-) TimerEvent: {}
[15.971070] (sllidar_ros2) StderrLine: {'line': b'      |                                                                                                \x1b[01;35m\x1b[K~~~~~~~^~~~\x1b[m\x1b[K\n'}
[15.971245] (sllidar_ros2) StderrLine: {'line': b'\x1b[01m\x1b[K/home/pi5/capstone-group8/ros2_ws/src/sllidar_ros2/sdk/src/dataunpacker/dataunpacker.h:\x1b[m\x1b[K In member function \xe2\x80\x98\x1b[01m\x1b[Kvirtual void sl::internal::LIDARSampleDataListener::\x1b[01;32m\x1b[KonDecodingError\x1b[m\x1b[K(int, _u8, const void*, size_t)\x1b[m\x1b[K\xe2\x80\x99:\n'}
[15.971436] (sllidar_ros2) StderrLine: {'line': b'\x1b[01m\x1b[K/home/pi5/capstone-group8/ros2_ws/src/sllidar_ros2/sdk/src/dataunpacker/dataunpacker.h:56:42:\x1b[m\x1b[K \x1b[01;35m\x1b[Kwarning: \x1b[m\x1b[Kunused parameter \xe2\x80\x98\x1b[01m\x1b[KerrMsg\x1b[m\x1b[K\xe2\x80\x99 [\x1b[01;35m\x1b[K\x1b]8;;https://gcc.gnu.org/onlinedocs/gcc/Warning-Options.html#index-Wunused-parameter\x07-Wunused-parameter\x1b]8;;\x07\x1b[m\x1b[K]\n'}
[15.971573] (sllidar_ros2) StderrLine: {'line': b'   56 |         virtual void onDecodingError(\x1b[01;35m\x1b[Kint errMsg\x1b[m\x1b[K, _u8 ansType, const void* payload, size_t size) {}\n'}
[15.971685] (sllidar_ros2) StderrLine: {'line': b'      |                                      \x1b[01;35m\x1b[K~~~~^~~~~~\x1b[m\x1b[K\n'}
[15.971779] (sllidar_ros2) StderrLine: {'line': b'\x1b[01m\x1b[K/home/pi5/capstone-group8/ros2_ws/src/sllidar_ros2/sdk/src/dataunpacker/dataunpacker.h:56:54:\x1b[m\x1b[K \x1b[01;35m\x1b[Kwarning: \x1b[m\x1b[Kunused parameter \xe2\x80\x98\x1b[01m\x1b[KansType\x1b[m\x1b[K\xe2\x80\x99 [\x1b[01;35m\x1b[K\x1b]8;;https://gcc.gnu.org/onlinedocs/gcc/Warning-Options.html#index-Wunused-parameter\x07-Wunused-parameter\x1b]8;;\x07\x1b[m\x1b[K]\n'}
[15.971871] (sllidar_ros2) StderrLine: {'line': b'   56 |         virtual void onDecodingError(int errMsg, \x1b[01;35m\x1b[K_u8 ansType\x1b[m\x1b[K, const void* payload, size_t size) {}\n'}
[15.971974] (sllidar_ros2) StderrLine: {'line': b'      |                                                  \x1b[01;35m\x1b[K~~~~^~~~~~~\x1b[m\x1b[K\n'}
[15.972088] (sllidar_ros2) StderrLine: {'line': b'\x1b[01m\x1b[K/home/pi5/capstone-group8/ros2_ws/src/sllidar_ros2/sdk/src/dataunpacker/dataunpacker.h:56:75:\x1b[m\x1b[K \x1b[01;35m\x1b[Kwarning: \x1b[m\x1b[Kunused parameter \xe2\x80\x98\x1b[01m\x1b[Kpayload\x1b[m\x1b[K\xe2\x80\x99 [\x1b[01;35m\x1b[K\x1b]8;;https://gcc.gnu.org/onlinedocs/gcc/Warning-Options.html#index-Wunused-parameter\x07-Wunused-parameter\x1b]8;;\x07\x1b[m\x1b[K]\n'}
[15.972275] (sllidar_ros2) StderrLine: {'line': b'   56 |         virtual void onDecodingError(int errMsg, _u8 ansType, \x1b[01;35m\x1b[Kconst void* payload\x1b[m\x1b[K, size_t size) {}\n'}
[15.972624] (sllidar_ros2) StderrLine: {'line': b'      |                                                               \x1b[01;35m\x1b[K~~~~~~~~~~~~^~~~~~~\x1b[m\x1b[K\n'}
[15.972895] (sllidar_ros2) StderrLine: {'line': b'\x1b[01m\x1b[K/home/pi5/capstone-group8/ros2_ws/src/sllidar_ros2/sdk/src/dataunpacker/dataunpacker.h:56:91:\x1b[m\x1b[K \x1b[01;35m\x1b[Kwarning: \x1b[m\x1b[Kunused parameter \xe2\x80\x98\x1b[01m\x1b[Ksize\x1b[m\x1b[K\xe2\x80\x99 [\x1b[01;35m\x1b[K\x1b]8;;https://gcc.gnu.org/onlinedocs/gcc/Warning-Options.html#index-Wunused-parameter\x07-Wunused-parameter\x1b]8;;\x07\x1b[m\x1b[K]\n'}
[15.973148] (sllidar_ros2) StderrLine: {'line': b'   56 |         virtual void onDecodingError(int errMsg, _u8 ansType, const void* payload, \x1b[01;35m\x1b[Ksize_t size\x1b[m\x1b[K) {}\n'}
[15.976292] (sllidar_ros2) StderrLine: {'line': b'      |                                                                                    \x1b[01;35m\x1b[K~~~~~~~^~~~\x1b[m\x1b[K\n'}
[16.070983] (-) TimerEvent: {}
[16.175539] (-) TimerEvent: {}
[16.276003] (-) TimerEvent: {}
[16.311348] (sllidar_ros2) StdoutLine: {'line': b'[ 35%] \x1b[32mBuilding CXX object CMakeFiles/sllidar_node.dir/sdk/src/dataunpacker/unpacker/handler_capsules.cpp.o\x1b[0m\n'}
[16.376153] (-) TimerEvent: {}
[16.479899] (-) TimerEvent: {}
[16.581357] (-) TimerEvent: {}
[16.681824] (-) TimerEvent: {}
[16.792357] (-) TimerEvent: {}
[16.892805] (-) TimerEvent: {}
[16.994522] (-) TimerEvent: {}
[17.097279] (-) TimerEvent: {}
[17.198483] (-) TimerEvent: {}
[17.310369] (-) TimerEvent: {}
[17.416299] (-) TimerEvent: {}
[17.535361] (-) TimerEvent: {}
[17.635855] (-) TimerEvent: {}
[17.739270] (-) TimerEvent: {}
[17.845366] (-) TimerEvent: {}
[17.953746] (-) TimerEvent: {}
[18.054395] (-) TimerEvent: {}
[18.125053] (sllidar_ros2) StdoutLine: {'line': b'[ 40%] \x1b[32mBuilding CXX object CMakeFiles/sllidar_node.dir/sdk/src/dataunpacker/unpacker/handler_hqnode.cpp.o\x1b[0m\n'}
[18.154524] (-) TimerEvent: {}
[18.256138] (-) TimerEvent: {}
[18.364350] (-) TimerEvent: {}
[18.485349] (-) TimerEvent: {}
[18.588584] (-) TimerEvent: {}
[18.596220] (sllidar_ros2) StderrLine: {'line': b'In file included from \x1b[01m\x1b[K/home/pi5/capstone-group8/ros2_ws/src/sllidar_ros2/./sdk/include/rplidar_protocol.h:36\x1b[m\x1b[K,\n'}
[18.596666] (sllidar_ros2) StderrLine: {'line': b'                 from \x1b[01m\x1b[K/home/pi5/capstone-group8/ros2_ws/src/sllidar_ros2/./sdk/include/rplidar.h:39\x1b[m\x1b[K,\n'}
[18.596932] (sllidar_ros2) StderrLine: {'line': b'                 from \x1b[01m\x1b[K/home/pi5/capstone-group8/ros2_ws/src/sllidar_ros2/./sdk/src/sdkcommon.h:49\x1b[m\x1b[K,\n'}
[18.597193] (sllidar_ros2) StderrLine: {'line': b'                 from \x1b[01m\x1b[K/home/pi5/capstone-group8/ros2_ws/src/sllidar_ros2/sdk/src/dataunpacker/unpacker/../dataunnpacker_commondef.h:41\x1b[m\x1b[K,\n'}
[18.597512] (sllidar_ros2) StderrLine: {'line': b'                 from \x1b[01m\x1b[K/home/pi5/capstone-group8/ros2_ws/src/sllidar_ros2/sdk/src/dataunpacker/unpacker/handler_capsules.cpp:39\x1b[m\x1b[K:\n'}
[18.597824] (sllidar_ros2) StderrLine: {'line': b'\x1b[01m\x1b[K/home/pi5/capstone-group8/ros2_ws/src/sllidar_ros2/./sdk/include/sl_lidar_protocol.h:66:16:\x1b[m\x1b[K \x1b[01;35m\x1b[Kwarning: \x1b[m\x1b[KISO C++ forbids zero-size array \xe2\x80\x98\x1b[01m\x1b[Kdata\x1b[m\x1b[K\xe2\x80\x99 [\x1b[01;35m\x1b[K\x1b]8;;https://gcc.gnu.org/onlinedocs/gcc/Warning-Options.html#index-Wpedantic\x07-Wpedantic\x1b]8;;\x07\x1b[m\x1b[K]\n'}
[18.599073] (sllidar_ros2) StderrLine: {'line': b'   66 |     sl_u8 data[\x1b[01;35m\x1b[K0\x1b[m\x1b[K];\n'}
[18.599357] (sllidar_ros2) StderrLine: {'line': b'      |                \x1b[01;35m\x1b[K^\x1b[m\x1b[K\n'}
[18.599483] (sllidar_ros2) StderrLine: {'line': b'In file included from \x1b[01m\x1b[K/home/pi5/capstone-group8/ros2_ws/src/sllidar_ros2/./sdk/include/rplidar_cmd.h:36\x1b[m\x1b[K,\n'}
[18.599733] (sllidar_ros2) StderrLine: {'line': b'                 from \x1b[01m\x1b[K/home/pi5/capstone-group8/ros2_ws/src/sllidar_ros2/./sdk/include/rplidar.h:40\x1b[m\x1b[K:\n'}
[18.599997] (sllidar_ros2) StderrLine: {'line': b'\x1b[01m\x1b[K/home/pi5/capstone-group8/ros2_ws/src/sllidar_ros2/./sdk/include/sl_lidar_cmd.h:324:20:\x1b[m\x1b[K \x1b[01;35m\x1b[Kwarning: \x1b[m\x1b[KISO C++ forbids zero-size array \xe2\x80\x98\x1b[01m\x1b[Kpayload\x1b[m\x1b[K\xe2\x80\x99 [\x1b[01;35m\x1b[K\x1b]8;;https://gcc.gnu.org/onlinedocs/gcc/Warning-Options.html#index-Wpedantic\x07-Wpedantic\x1b]8;;\x07\x1b[m\x1b[K]\n'}
[18.601432] (sllidar_ros2) StderrLine: {'line': b'  324 |     sl_u8  payload[\x1b[01;35m\x1b[K0\x1b[m\x1b[K];\n'}
[18.601731] (sllidar_ros2) StderrLine: {'line': b'      |                    \x1b[01;35m\x1b[K^\x1b[m\x1b[K\n'}
[18.708410] (-) TimerEvent: {}
[18.816353] (-) TimerEvent: {}
[18.923778] (-) TimerEvent: {}
[19.025356] (-) TimerEvent: {}
[19.128575] (-) TimerEvent: {}
[19.241776] (-) TimerEvent: {}
[19.344358] (-) TimerEvent: {}
[19.459506] (-) TimerEvent: {}
[19.502354] (sllidar_ros2) StderrLine: {'line': b'In file included from \x1b[01m\x1b[K/home/pi5/capstone-group8/ros2_ws/src/sllidar_ros2/sdk/src/dataunpacker/unpacker/handler_capsules.cpp:40\x1b[m\x1b[K:\n'}
[19.502716] (sllidar_ros2) StderrLine: {'line': b'\x1b[01m\x1b[K/home/pi5/capstone-group8/ros2_ws/src/sllidar_ros2/sdk/src/dataunpacker/unpacker/../dataunpacker.h:\x1b[m\x1b[K In member function \xe2\x80\x98\x1b[01m\x1b[Kvirtual void sl::internal::LIDARSampleDataListener::\x1b[01;32m\x1b[KonCustomSampleDataDecoded\x1b[m\x1b[K(_u8, _u32, const void*, size_t)\x1b[m\x1b[K\xe2\x80\x99:\n'}
[19.502855] (sllidar_ros2) StderrLine: {'line': b'\x1b[01m\x1b[K/home/pi5/capstone-group8/ros2_ws/src/sllidar_ros2/sdk/src/dataunpacker/unpacker/../dataunpacker.h:54:52:\x1b[m\x1b[K \x1b[01;35m\x1b[Kwarning: \x1b[m\x1b[Kunused parameter \xe2\x80\x98\x1b[01m\x1b[KansType\x1b[m\x1b[K\xe2\x80\x99 [\x1b[01;35m\x1b[K\x1b]8;;https://gcc.gnu.org/onlinedocs/gcc/Warning-Options.html#index-Wunused-parameter\x07-Wunused-parameter\x1b]8;;\x07\x1b[m\x1b[K]\n'}
[19.502973] (sllidar_ros2) StderrLine: {'line': b'   54 |         virtual void onCustomSampleDataDecoded(\x1b[01;35m\x1b[K_u8 ansType\x1b[m\x1b[K, _u32 customCode, const void* data, size_t size) {}\n'}
[19.503079] (sllidar_ros2) StderrLine: {'line': b'      |                                                \x1b[01;35m\x1b[K~~~~^~~~~~~\x1b[m\x1b[K\n'}
[19.503176] (sllidar_ros2) StderrLine: {'line': b'\x1b[01m\x1b[K/home/pi5/capstone-group8/ros2_ws/src/sllidar_ros2/sdk/src/dataunpacker/unpacker/../dataunpacker.h:54:66:\x1b[m\x1b[K \x1b[01;35m\x1b[Kwarning: \x1b[m\x1b[Kunused parameter \xe2\x80\x98\x1b[01m\x1b[KcustomCode\x1b[m\x1b[K\xe2\x80\x99 [\x1b[01;35m\x1b[K\x1b]8;;https://gcc.gnu.org/onlinedocs/gcc/Warning-Options.html#index-Wunused-parameter\x07-Wunused-parameter\x1b]8;;\x07\x1b[m\x1b[K]\n'}
[19.503326] (sllidar_ros2) StderrLine: {'line': b'   54 |         virtual void onCustomSampleDataDecoded(_u8 ansType, \x1b[01;35m\x1b[K_u32 customCode\x1b[m\x1b[K, const void* data, size_t size) {}\n'}
[19.503452] (sllidar_ros2) StderrLine: {'line': b'      |                                                             \x1b[01;35m\x1b[K~~~~~^~~~~~~~~~\x1b[m\x1b[K\n'}
[19.503554] (sllidar_ros2) StderrLine: {'line': b'\x1b[01m\x1b[K/home/pi5/capstone-group8/ros2_ws/src/sllidar_ros2/sdk/src/dataunpacker/unpacker/../dataunpacker.h:54:90:\x1b[m\x1b[K \x1b[01;35m\x1b[Kwarning: \x1b[m\x1b[Kunused parameter \xe2\x80\x98\x1b[01m\x1b[Kdata\x1b[m\x1b[K\xe2\x80\x99 [\x1b[01;35m\x1b[K\x1b]8;;https://gcc.gnu.org/onlinedocs/gcc/Warning-Options.html#index-Wunused-parameter\x07-Wunused-parameter\x1b]8;;\x07\x1b[m\x1b[K]\n'}
[19.503661] (sllidar_ros2) StderrLine: {'line': b'   54 |         virtual void onCustomSampleDataDecoded(_u8 ansType, _u32 customCode, \x1b[01;35m\x1b[Kconst void* data\x1b[m\x1b[K, size_t size) {}\n'}
[19.503756] (sllidar_ros2) StderrLine: {'line': b'      |                                                                              \x1b[01;35m\x1b[K~~~~~~~~~~~~^~~~\x1b[m\x1b[K\n'}
[19.503847] (sllidar_ros2) StderrLine: {'line': b'\x1b[01m\x1b[K/home/pi5/capstone-group8/ros2_ws/src/sllidar_ros2/sdk/src/dataunpacker/unpacker/../dataunpacker.h:54:103:\x1b[m\x1b[K \x1b[01;35m\x1b[Kwarning: \x1b[m\x1b[Kunused parameter \xe2\x80\x98\x1b[01m\x1b[Ksize\x1b[m\x1b[K\xe2\x80\x99 [\x1b[01;35m\x1b[K\x1b]8;;https://gcc.gnu.org/onlinedocs/gcc/Warning-Options.html#index-Wunused-parameter\x07-Wunused-parameter\x1b]8;;\x07\x1b[m\x1b[K]\n'}
[19.503964] (sllidar_ros2) StderrLine: {'line': b'   54 |         virtual void onCustomSampleDataDecoded(_u8 ansType, _u32 customCode, const void* data, \x1b[01;35m\x1b[Ksize_t size\x1b[m\x1b[K) {}\n'}
[19.504067] (sllidar_ros2) StderrLine: {'line': b'      |                                                                                                \x1b[01;35m\x1b[K~~~~~~~^~~~\x1b[m\x1b[K\n'}
[19.504169] (sllidar_ros2) StderrLine: {'line': b'\x1b[01m\x1b[K/home/pi5/capstone-group8/ros2_ws/src/sllidar_ros2/sdk/src/dataunpacker/unpacker/../dataunpacker.h:\x1b[m\x1b[K In member function \xe2\x80\x98\x1b[01m\x1b[Kvirtual void sl::internal::LIDARSampleDataListener::\x1b[01;32m\x1b[KonDecodingError\x1b[m\x1b[K(int, _u8, const void*, size_t)\x1b[m\x1b[K\xe2\x80\x99:\n'}
[19.528601] (sllidar_ros2) StderrLine: {'line': b'\x1b[01m\x1b[K/home/pi5/capstone-group8/ros2_ws/src/sllidar_ros2/sdk/src/dataunpacker/unpacker/../dataunpacker.h:56:42:\x1b[m\x1b[K \x1b[01;35m\x1b[Kwarning: \x1b[m\x1b[Kunused parameter \xe2\x80\x98\x1b[01m\x1b[KerrMsg\x1b[m\x1b[K\xe2\x80\x99 [\x1b[01;35m\x1b[K\x1b]8;;https://gcc.gnu.org/onlinedocs/gcc/Warning-Options.html#index-Wunused-parameter\x07-Wunused-parameter\x1b]8;;\x07\x1b[m\x1b[K]\n'}
[19.528792] (sllidar_ros2) StderrLine: {'line': b'   56 |         virtual void onDecodingError(\x1b[01;35m\x1b[Kint errMsg\x1b[m\x1b[K, _u8 ansType, const void* payload, size_t size) {}\n'}
[19.528907] (sllidar_ros2) StderrLine: {'line': b'      |                                      \x1b[01;35m\x1b[K~~~~^~~~~~\x1b[m\x1b[K\n'}
[19.529011] (sllidar_ros2) StderrLine: {'line': b'\x1b[01m\x1b[K/home/pi5/capstone-group8/ros2_ws/src/sllidar_ros2/sdk/src/dataunpacker/unpacker/../dataunpacker.h:56:54:\x1b[m\x1b[K \x1b[01;35m\x1b[Kwarning: \x1b[m\x1b[Kunused parameter \xe2\x80\x98\x1b[01m\x1b[KansType\x1b[m\x1b[K\xe2\x80\x99 [\x1b[01;35m\x1b[K\x1b]8;;https://gcc.gnu.org/onlinedocs/gcc/Warning-Options.html#index-Wunused-parameter\x07-Wunused-parameter\x1b]8;;\x07\x1b[m\x1b[K]\n'}
[19.529137] (sllidar_ros2) StderrLine: {'line': b'   56 |         virtual void onDecodingError(int errMsg, \x1b[01;35m\x1b[K_u8 ansType\x1b[m\x1b[K, const void* payload, size_t size) {}\n'}
[19.529240] (sllidar_ros2) StderrLine: {'line': b'      |                                                  \x1b[01;35m\x1b[K~~~~^~~~~~~\x1b[m\x1b[K\n'}
[19.532627] (sllidar_ros2) StderrLine: {'line': b'\x1b[01m\x1b[K/home/pi5/capstone-group8/ros2_ws/src/sllidar_ros2/sdk/src/dataunpacker/unpacker/../dataunpacker.h:56:75:\x1b[m\x1b[K \x1b[01;35m\x1b[Kwarning: \x1b[m\x1b[Kunused parameter \xe2\x80\x98\x1b[01m\x1b[Kpayload\x1b[m\x1b[K\xe2\x80\x99 [\x1b[01;35m\x1b[K\x1b]8;;https://gcc.gnu.org/onlinedocs/gcc/Warning-Options.html#index-Wunused-parameter\x07-Wunused-parameter\x1b]8;;\x07\x1b[m\x1b[K]\n'}
[19.532803] (sllidar_ros2) StderrLine: {'line': b'   56 |         virtual void onDecodingError(int errMsg, _u8 ansType, \x1b[01;35m\x1b[Kconst void* payload\x1b[m\x1b[K, size_t size) {}\n'}
[19.532919] (sllidar_ros2) StderrLine: {'line': b'      |                                                               \x1b[01;35m\x1b[K~~~~~~~~~~~~^~~~~~~\x1b[m\x1b[K\n'}
[19.533031] (sllidar_ros2) StderrLine: {'line': b'\x1b[01m\x1b[K/home/pi5/capstone-group8/ros2_ws/src/sllidar_ros2/sdk/src/dataunpacker/unpacker/../dataunpacker.h:56:91:\x1b[m\x1b[K \x1b[01;35m\x1b[Kwarning: \x1b[m\x1b[Kunused parameter \xe2\x80\x98\x1b[01m\x1b[Ksize\x1b[m\x1b[K\xe2\x80\x99 [\x1b[01;35m\x1b[K\x1b]8;;https://gcc.gnu.org/onlinedocs/gcc/Warning-Options.html#index-Wunused-parameter\x07-Wunused-parameter\x1b]8;;\x07\x1b[m\x1b[K]\n'}
[19.533157] (sllidar_ros2) StderrLine: {'line': b'   56 |         virtual void onDecodingError(int errMsg, _u8 ansType, const void* payload, \x1b[01;35m\x1b[Ksize_t size\x1b[m\x1b[K) {}\n'}
[19.533294] (sllidar_ros2) StderrLine: {'line': b'      |                                                                                    \x1b[01;35m\x1b[K~~~~~~~^~~~\x1b[m\x1b[K\n'}
[19.562377] (-) TimerEvent: {}
[19.623472] (sllidar_ros2) StderrLine: {'line': b'\x1b[01m\x1b[K/home/pi5/capstone-group8/ros2_ws/src/sllidar_ros2/sdk/src/dataunpacker/unpacker/handler_capsules.cpp:\x1b[m\x1b[K In member function \xe2\x80\x98\x1b[01m\x1b[Kvoid sl::internal::unpacker::UnpackerHandler_DenseCapsuleNode::\x1b[01;32m\x1b[K_onScanNodeDenseCapsuleData\x1b[m\x1b[K(rplidar_response_dense_capsule_measurement_nodes_t&, sl::internal::LIDARSampleDataUnpackerInner*)\x1b[m\x1b[K\xe2\x80\x99:\n'}
[19.623792] (sllidar_ros2) StderrLine: {'line': b'\x1b[01m\x1b[K/home/pi5/capstone-group8/ros2_ws/src/sllidar_ros2/sdk/src/dataunpacker/unpacker/handler_capsules.cpp:763:30:\x1b[m\x1b[K \x1b[01;35m\x1b[Kwarning: \x1b[m\x1b[Ktype qualifiers ignored on cast result type [\x1b[01;35m\x1b[K\x1b]8;;https://gcc.gnu.org/onlinedocs/gcc/Warning-Options.html#index-Wignored-qualifiers\x07-Wignored-qualifiers\x1b]8;;\x07\x1b[m\x1b[K]\n'}
[19.623942] (sllidar_ros2) StderrLine: {'line': b'  763 |             const int dist = \x1b[01;35m\x1b[Kstatic_cast<const int>(_cached_previous_dense_capsuledata.cabins[pos].distance)\x1b[m\x1b[K;\n'}
[19.624053] (sllidar_ros2) StderrLine: {'line': b'      |                              \x1b[01;35m\x1b[K^~~~~~~~~~~~~~~~~~~~~~~~~~~~~~~~~~~~~~~~~~~~~~~~~~~~~~~~~~~~~~~~~~~~~~~~~~~~~~~\x1b[m\x1b[K\n'}
[19.662515] (-) TimerEvent: {}
[19.769591] (-) TimerEvent: {}
[19.872350] (-) TimerEvent: {}
[19.972800] (-) TimerEvent: {}
[20.076352] (-) TimerEvent: {}
[20.178378] (-) TimerEvent: {}
[20.286347] (-) TimerEvent: {}
[20.386799] (-) TimerEvent: {}
[20.490286] (-) TimerEvent: {}
[20.590831] (-) TimerEvent: {}
[20.693497] (-) TimerEvent: {}
[20.794086] (sllidar_ros2) StderrLine: {'line': b'In file included from \x1b[01m\x1b[K/home/pi5/capstone-group8/ros2_ws/src/sllidar_ros2/./sdk/include/rplidar_protocol.h:36\x1b[m\x1b[K,\n'}
[20.794399] (-) TimerEvent: {}
[20.797635] (sllidar_ros2) StderrLine: {'line': b'                 from \x1b[01m\x1b[K/home/pi5/capstone-group8/ros2_ws/src/sllidar_ros2/./sdk/include/rplidar.h:39\x1b[m\x1b[K,\n'}
[20.799149] (sllidar_ros2) StderrLine: {'line': b'                 from \x1b[01m\x1b[K/home/pi5/capstone-group8/ros2_ws/src/sllidar_ros2/./sdk/src/sdkcommon.h:49\x1b[m\x1b[K,\n'}
[20.804957] (sllidar_ros2) StderrLine: {'line': b'                 from \x1b[01m\x1b[K/home/pi5/capstone-group8/ros2_ws/src/sllidar_ros2/sdk/src/dataunpacker/unpacker/../dataunnpacker_commondef.h:41\x1b[m\x1b[K,\n'}
[20.805088] (sllidar_ros2) StderrLine: {'line': b'                 from \x1b[01m\x1b[K/home/pi5/capstone-group8/ros2_ws/src/sllidar_ros2/sdk/src/dataunpacker/unpacker/handler_hqnode.cpp:39\x1b[m\x1b[K:\n'}
[20.805183] (sllidar_ros2) StderrLine: {'line': b'\x1b[01m\x1b[K/home/pi5/capstone-group8/ros2_ws/src/sllidar_ros2/./sdk/include/sl_lidar_protocol.h:66:16:\x1b[m\x1b[K \x1b[01;35m\x1b[Kwarning: \x1b[m\x1b[KISO C++ forbids zero-size array \xe2\x80\x98\x1b[01m\x1b[Kdata\x1b[m\x1b[K\xe2\x80\x99 [\x1b[01;35m\x1b[K\x1b]8;;https://gcc.gnu.org/onlinedocs/gcc/Warning-Options.html#index-Wpedantic\x07-Wpedantic\x1b]8;;\x07\x1b[m\x1b[K]\n'}
[20.805324] (sllidar_ros2) StderrLine: {'line': b'   66 |     sl_u8 data[\x1b[01;35m\x1b[K0\x1b[m\x1b[K];\n'}
[20.805423] (sllidar_ros2) StderrLine: {'line': b'      |                \x1b[01;35m\x1b[K^\x1b[m\x1b[K\n'}
[20.805519] (sllidar_ros2) StderrLine: {'line': b'In file included from \x1b[01m\x1b[K/home/pi5/capstone-group8/ros2_ws/src/sllidar_ros2/./sdk/include/rplidar_cmd.h:36\x1b[m\x1b[K,\n'}
[20.805608] (sllidar_ros2) StderrLine: {'line': b'                 from \x1b[01m\x1b[K/home/pi5/capstone-group8/ros2_ws/src/sllidar_ros2/./sdk/include/rplidar.h:40\x1b[m\x1b[K:\n'}
[20.805691] (sllidar_ros2) StderrLine: {'line': b'\x1b[01m\x1b[K/home/pi5/capstone-group8/ros2_ws/src/sllidar_ros2/./sdk/include/sl_lidar_cmd.h:324:20:\x1b[m\x1b[K \x1b[01;35m\x1b[Kwarning: \x1b[m\x1b[KISO C++ forbids zero-size array \xe2\x80\x98\x1b[01m\x1b[Kpayload\x1b[m\x1b[K\xe2\x80\x99 [\x1b[01;35m\x1b[K\x1b]8;;https://gcc.gnu.org/onlinedocs/gcc/Warning-Options.html#index-Wpedantic\x07-Wpedantic\x1b]8;;\x07\x1b[m\x1b[K]\n'}
[20.805782] (sllidar_ros2) StderrLine: {'line': b'  324 |     sl_u8  payload[\x1b[01;35m\x1b[K0\x1b[m\x1b[K];\n'}
[20.805878] (sllidar_ros2) StderrLine: {'line': b'      |                    \x1b[01;35m\x1b[K^\x1b[m\x1b[K\n'}
[20.897359] (-) TimerEvent: {}
[21.000363] (-) TimerEvent: {}
[21.100827] (-) TimerEvent: {}
[21.201314] (-) TimerEvent: {}
[21.304359] (-) TimerEvent: {}
[21.360526] (sllidar_ros2) StderrLine: {'line': b'In file included from \x1b[01m\x1b[K/home/pi5/capstone-group8/ros2_ws/src/sllidar_ros2/sdk/src/dataunpacker/unpacker/handler_hqnode.cpp:40\x1b[m\x1b[K:\n'}
[21.365479] (sllidar_ros2) StderrLine: {'line': b'\x1b[01m\x1b[K/home/pi5/capstone-group8/ros2_ws/src/sllidar_ros2/sdk/src/dataunpacker/unpacker/../dataunpacker.h:\x1b[m\x1b[K In member function \xe2\x80\x98\x1b[01m\x1b[Kvirtual void sl::internal::LIDARSampleDataListener::\x1b[01;32m\x1b[KonCustomSampleDataDecoded\x1b[m\x1b[K(_u8, _u32, const void*, size_t)\x1b[m\x1b[K\xe2\x80\x99:\n'}
[21.366103] (sllidar_ros2) StderrLine: {'line': b'\x1b[01m\x1b[K/home/pi5/capstone-group8/ros2_ws/src/sllidar_ros2/sdk/src/dataunpacker/unpacker/../dataunpacker.h:54:52:\x1b[m\x1b[K \x1b[01;35m\x1b[Kwarning: \x1b[m\x1b[Kunused parameter \xe2\x80\x98\x1b[01m\x1b[KansType\x1b[m\x1b[K\xe2\x80\x99 [\x1b[01;35m\x1b[K\x1b]8;;https://gcc.gnu.org/onlinedocs/gcc/Warning-Options.html#index-Wunused-parameter\x07-Wunused-parameter\x1b]8;;\x07\x1b[m\x1b[K]\n'}
[21.366356] (sllidar_ros2) StderrLine: {'line': b'   54 |         virtual void onCustomSampleDataDecoded(\x1b[01;35m\x1b[K_u8 ansType\x1b[m\x1b[K, _u32 customCode, const void* data, size_t size) {}\n'}
[21.366493] (sllidar_ros2) StderrLine: {'line': b'      |                                                \x1b[01;35m\x1b[K~~~~^~~~~~~\x1b[m\x1b[K\n'}
[21.366601] (sllidar_ros2) StderrLine: {'line': b'\x1b[01m\x1b[K/home/pi5/capstone-group8/ros2_ws/src/sllidar_ros2/sdk/src/dataunpacker/unpacker/../dataunpacker.h:54:66:\x1b[m\x1b[K \x1b[01;35m\x1b[Kwarning: \x1b[m\x1b[Kunused parameter \xe2\x80\x98\x1b[01m\x1b[KcustomCode\x1b[m\x1b[K\xe2\x80\x99 [\x1b[01;35m\x1b[K\x1b]8;;https://gcc.gnu.org/onlinedocs/gcc/Warning-Options.html#index-Wunused-parameter\x07-Wunused-parameter\x1b]8;;\x07\x1b[m\x1b[K]\n'}
[21.366762] (sllidar_ros2) StderrLine: {'line': b'   54 |         virtual void onCustomSampleDataDecoded(_u8 ansType, \x1b[01;35m\x1b[K_u32 customCode\x1b[m\x1b[K, const void* data, size_t size) {}\n'}
[21.366875] (sllidar_ros2) StderrLine: {'line': b'      |                                                             \x1b[01;35m\x1b[K~~~~~^~~~~~~~~~\x1b[m\x1b[K\n'}
[21.366982] (sllidar_ros2) StderrLine: {'line': b'\x1b[01m\x1b[K/home/pi5/capstone-group8/ros2_ws/src/sllidar_ros2/sdk/src/dataunpacker/unpacker/../dataunpacker.h:54:90:\x1b[m\x1b[K \x1b[01;35m\x1b[Kwarning: \x1b[m\x1b[Kunused parameter \xe2\x80\x98\x1b[01m\x1b[Kdata\x1b[m\x1b[K\xe2\x80\x99 [\x1b[01;35m\x1b[K\x1b]8;;https://gcc.gnu.org/onlinedocs/gcc/Warning-Options.html#index-Wunused-parameter\x07-Wunused-parameter\x1b]8;;\x07\x1b[m\x1b[K]\n'}
[21.372419] (sllidar_ros2) StderrLine: {'line': b'   54 |         virtual void onCustomSampleDataDecoded(_u8 ansType, _u32 customCode, \x1b[01;35m\x1b[Kconst void* data\x1b[m\x1b[K, size_t size) {}\n'}
[21.372683] (sllidar_ros2) StderrLine: {'line': b'      |                                                                              \x1b[01;35m\x1b[K~~~~~~~~~~~~^~~~\x1b[m\x1b[K\n'}
[21.372773] (sllidar_ros2) StderrLine: {'line': b'\x1b[01m\x1b[K/home/pi5/capstone-group8/ros2_ws/src/sllidar_ros2/sdk/src/dataunpacker/unpacker/../dataunpacker.h:54:103:\x1b[m\x1b[K \x1b[01;35m\x1b[Kwarning: \x1b[m\x1b[Kunused parameter \xe2\x80\x98\x1b[01m\x1b[Ksize\x1b[m\x1b[K\xe2\x80\x99 [\x1b[01;35m\x1b[K\x1b]8;;https://gcc.gnu.org/onlinedocs/gcc/Warning-Options.html#index-Wunused-parameter\x07-Wunused-parameter\x1b]8;;\x07\x1b[m\x1b[K]\n'}
[21.372858] (sllidar_ros2) StderrLine: {'line': b'   54 |         virtual void onCustomSampleDataDecoded(_u8 ansType, _u32 customCode, const void* data, \x1b[01;35m\x1b[Ksize_t size\x1b[m\x1b[K) {}\n'}
[21.372938] (sllidar_ros2) StderrLine: {'line': b'      |                                                                                                \x1b[01;35m\x1b[K~~~~~~~^~~~\x1b[m\x1b[K\n'}
[21.373019] (sllidar_ros2) StderrLine: {'line': b'\x1b[01m\x1b[K/home/pi5/capstone-group8/ros2_ws/src/sllidar_ros2/sdk/src/dataunpacker/unpacker/../dataunpacker.h:\x1b[m\x1b[K In member function \xe2\x80\x98\x1b[01m\x1b[Kvirtual void sl::internal::LIDARSampleDataListener::\x1b[01;32m\x1b[KonDecodingError\x1b[m\x1b[K(int, _u8, const void*, size_t)\x1b[m\x1b[K\xe2\x80\x99:\n'}
[21.373125] (sllidar_ros2) StderrLine: {'line': b'\x1b[01m\x1b[K/home/pi5/capstone-group8/ros2_ws/src/sllidar_ros2/sdk/src/dataunpacker/unpacker/../dataunpacker.h:56:42:\x1b[m\x1b[K \x1b[01;35m\x1b[Kwarning: \x1b[m\x1b[Kunused parameter \xe2\x80\x98\x1b[01m\x1b[KerrMsg\x1b[m\x1b[K\xe2\x80\x99 [\x1b[01;35m\x1b[K\x1b]8;;https://gcc.gnu.org/onlinedocs/gcc/Warning-Options.html#index-Wunused-parameter\x07-Wunused-parameter\x1b]8;;\x07\x1b[m\x1b[K]\n'}
[21.373214] (sllidar_ros2) StderrLine: {'line': b'   56 |         virtual void onDecodingError(\x1b[01;35m\x1b[Kint errMsg\x1b[m\x1b[K, _u8 ansType, const void* payload, size_t size) {}\n'}
[21.373323] (sllidar_ros2) StderrLine: {'line': b'      |                                      \x1b[01;35m\x1b[K~~~~^~~~~~\x1b[m\x1b[K\n'}
[21.373406] (sllidar_ros2) StderrLine: {'line': b'\x1b[01m\x1b[K/home/pi5/capstone-group8/ros2_ws/src/sllidar_ros2/sdk/src/dataunpacker/unpacker/../dataunpacker.h:56:54:\x1b[m\x1b[K \x1b[01;35m\x1b[Kwarning: \x1b[m\x1b[Kunused parameter \xe2\x80\x98\x1b[01m\x1b[KansType\x1b[m\x1b[K\xe2\x80\x99 [\x1b[01;35m\x1b[K\x1b]8;;https://gcc.gnu.org/onlinedocs/gcc/Warning-Options.html#index-Wunused-parameter\x07-Wunused-parameter\x1b]8;;\x07\x1b[m\x1b[K]\n'}
[21.380848] (sllidar_ros2) StderrLine: {'line': b'   56 |         virtual void onDecodingError(int errMsg, \x1b[01;35m\x1b[K_u8 ansType\x1b[m\x1b[K, const void* payload, size_t size) {}\n'}
[21.382067] (sllidar_ros2) StderrLine: {'line': b'      |                                                  \x1b[01;35m\x1b[K~~~~^~~~~~~\x1b[m\x1b[K\n'}
[21.391311] (sllidar_ros2) StderrLine: {'line': b'\x1b[01m\x1b[K/home/pi5/capstone-group8/ros2_ws/src/sllidar_ros2/sdk/src/dataunpacker/unpacker/../dataunpacker.h:56:75:\x1b[m\x1b[K \x1b[01;35m\x1b[Kwarning: \x1b[m\x1b[Kunused parameter \xe2\x80\x98\x1b[01m\x1b[Kpayload\x1b[m\x1b[K\xe2\x80\x99 [\x1b[01;35m\x1b[K\x1b]8;;https://gcc.gnu.org/onlinedocs/gcc/Warning-Options.html#index-Wunused-parameter\x07-Wunused-parameter\x1b]8;;\x07\x1b[m\x1b[K]\n'}
[21.391687] (sllidar_ros2) StderrLine: {'line': b'   56 |         virtual void onDecodingError(int errMsg, _u8 ansType, \x1b[01;35m\x1b[Kconst void* payload\x1b[m\x1b[K, size_t size) {}\n'}
[21.391809] (sllidar_ros2) StderrLine: {'line': b'      |                                                               \x1b[01;35m\x1b[K~~~~~~~~~~~~^~~~~~~\x1b[m\x1b[K\n'}
[21.391919] (sllidar_ros2) StderrLine: {'line': b'\x1b[01m\x1b[K/home/pi5/capstone-group8/ros2_ws/src/sllidar_ros2/sdk/src/dataunpacker/unpacker/../dataunpacker.h:56:91:\x1b[m\x1b[K \x1b[01;35m\x1b[Kwarning: \x1b[m\x1b[Kunused parameter \xe2\x80\x98\x1b[01m\x1b[Ksize\x1b[m\x1b[K\xe2\x80\x99 [\x1b[01;35m\x1b[K\x1b]8;;https://gcc.gnu.org/onlinedocs/gcc/Warning-Options.html#index-Wunused-parameter\x07-Wunused-parameter\x1b]8;;\x07\x1b[m\x1b[K]\n'}
[21.392032] (sllidar_ros2) StderrLine: {'line': b'   56 |         virtual void onDecodingError(int errMsg, _u8 ansType, const void* payload, \x1b[01;35m\x1b[Ksize_t size\x1b[m\x1b[K) {}\n'}
[21.392131] (sllidar_ros2) StderrLine: {'line': b'      |                                                                                    \x1b[01;35m\x1b[K~~~~~~~^~~~\x1b[m\x1b[K\n'}
[21.408435] (-) TimerEvent: {}
[21.516357] (-) TimerEvent: {}
[21.619358] (-) TimerEvent: {}
[21.719814] (-) TimerEvent: {}
[21.827366] (-) TimerEvent: {}
[21.929354] (-) TimerEvent: {}
[22.032361] (-) TimerEvent: {}
[22.134128] (-) TimerEvent: {}
[22.237353] (-) TimerEvent: {}
[22.337958] (-) TimerEvent: {}
[22.445438] (-) TimerEvent: {}
[22.546040] (-) TimerEvent: {}
[22.649357] (-) TimerEvent: {}
[22.755539] (-) TimerEvent: {}
[22.856332] (-) TimerEvent: {}
[22.967538] (-) TimerEvent: {}
[22.995785] (sllidar_ros2) StderrLine: {'line': b'In file included from \x1b[01m\x1b[K/home/pi5/capstone-group8/ros2_ws/src/sllidar_ros2/./sdk/include/sl_lidar_cmd.h:41\x1b[m\x1b[K,\n'}
[22.996085] (sllidar_ros2) StderrLine: {'line': b'                 from \x1b[01m\x1b[K/home/pi5/capstone-group8/ros2_ws/src/sllidar_ros2/./sdk/include/sl_lidar_driver.h:54\x1b[m\x1b[K,\n'}
[22.996203] (sllidar_ros2) StderrLine: {'line': b'                 from \x1b[01m\x1b[K/home/pi5/capstone-group8/ros2_ws/src/sllidar_ros2/./sdk/include/sl_lidar.h:36\x1b[m\x1b[K,\n'}
[22.996336] (sllidar_ros2) StderrLine: {'line': b'                 from \x1b[01m\x1b[K/home/pi5/capstone-group8/ros2_ws/src/sllidar_ros2/src/sllidar_node.cpp:38\x1b[m\x1b[K:\n'}
[22.996454] (sllidar_ros2) StderrLine: {'line': b'\x1b[01m\x1b[K/home/pi5/capstone-group8/ros2_ws/src/sllidar_ros2/./sdk/include/sl_lidar_protocol.h:66:16:\x1b[m\x1b[K \x1b[01;35m\x1b[Kwarning: \x1b[m\x1b[KISO C++ forbids zero-size array \xe2\x80\x98\x1b[01m\x1b[Kdata\x1b[m\x1b[K\xe2\x80\x99 [\x1b[01;35m\x1b[K\x1b]8;;https://gcc.gnu.org/onlinedocs/gcc/Warning-Options.html#index-Wpedantic\x07-Wpedantic\x1b]8;;\x07\x1b[m\x1b[K]\n'}
[22.996553] (sllidar_ros2) StderrLine: {'line': b'   66 |     sl_u8 data[\x1b[01;35m\x1b[K0\x1b[m\x1b[K];\n'}
[22.996636] (sllidar_ros2) StderrLine: {'line': b'      |                \x1b[01;35m\x1b[K^\x1b[m\x1b[K\n'}
[22.996713] (sllidar_ros2) StderrLine: {'line': b'\x1b[01m\x1b[K/home/pi5/capstone-group8/ros2_ws/src/sllidar_ros2/./sdk/include/sl_lidar_cmd.h:324:20:\x1b[m\x1b[K \x1b[01;35m\x1b[Kwarning: \x1b[m\x1b[KISO C++ forbids zero-size array \xe2\x80\x98\x1b[01m\x1b[Kpayload\x1b[m\x1b[K\xe2\x80\x99 [\x1b[01;35m\x1b[K\x1b]8;;https://gcc.gnu.org/onlinedocs/gcc/Warning-Options.html#index-Wpedantic\x07-Wpedantic\x1b]8;;\x07\x1b[m\x1b[K]\n'}
[23.001372] (sllidar_ros2) StderrLine: {'line': b'  324 |     sl_u8  payload[\x1b[01;35m\x1b[K0\x1b[m\x1b[K];\n'}
[23.001716] (sllidar_ros2) StderrLine: {'line': b'      |                    \x1b[01;35m\x1b[K^\x1b[m\x1b[K\n'}
[23.070359] (-) TimerEvent: {}
[23.173575] (-) TimerEvent: {}
[23.277586] (-) TimerEvent: {}
[23.386028] (-) TimerEvent: {}
[23.489354] (-) TimerEvent: {}
[23.589763] (-) TimerEvent: {}
[23.690171] (-) TimerEvent: {}
[23.796054] (-) TimerEvent: {}
[23.901366] (-) TimerEvent: {}
[24.003494] (-) TimerEvent: {}
[24.105365] (-) TimerEvent: {}
[24.208361] (-) TimerEvent: {}
[24.312710] (-) TimerEvent: {}
[24.415227] (-) TimerEvent: {}
[24.524357] (-) TimerEvent: {}
[24.629593] (-) TimerEvent: {}
[24.735360] (-) TimerEvent: {}
[24.835826] (-) TimerEvent: {}
[24.940367] (-) TimerEvent: {}
[25.040824] (-) TimerEvent: {}
[25.147346] (-) TimerEvent: {}
[25.250347] (-) TimerEvent: {}
[25.357707] (-) TimerEvent: {}
[25.458158] (-) TimerEvent: {}
[25.558620] (-) TimerEvent: {}
[25.662594] (-) TimerEvent: {}
[25.765783] (-) TimerEvent: {}
[25.866285] (-) TimerEvent: {}
[25.970346] (-) TimerEvent: {}
[26.077199] (-) TimerEvent: {}
[26.182503] (-) TimerEvent: {}
[26.285349] (-) TimerEvent: {}
[26.388358] (-) TimerEvent: {}
[26.488790] (-) TimerEvent: {}
[26.589287] (-) TimerEvent: {}
[26.689777] (-) TimerEvent: {}
[26.790546] (-) TimerEvent: {}
[26.903356] (-) TimerEvent: {}
[27.003791] (-) TimerEvent: {}
[27.104247] (-) TimerEvent: {}
[27.206499] (-) TimerEvent: {}
[27.309355] (-) TimerEvent: {}
[27.410704] (-) TimerEvent: {}
[27.523588] (-) TimerEvent: {}
[27.626360] (-) TimerEvent: {}
[27.726830] (-) TimerEvent: {}
[27.831376] (-) TimerEvent: {}
[27.931858] (-) TimerEvent: {}
[28.035435] (-) TimerEvent: {}
[28.140352] (-) TimerEvent: {}
[28.240786] (-) TimerEvent: {}
[28.341221] (-) TimerEvent: {}
[28.442770] (-) TimerEvent: {}
[28.551384] (-) TimerEvent: {}
[28.651860] (-) TimerEvent: {}
[28.752332] (-) TimerEvent: {}
[28.852773] (-) TimerEvent: {}
[28.964473] (-) TimerEvent: {}
[29.065436] (-) TimerEvent: {}
[29.167413] (-) TimerEvent: {}
[29.270369] (-) TimerEvent: {}
[29.370843] (-) TimerEvent: {}
[29.472358] (-) TimerEvent: {}
[29.575358] (-) TimerEvent: {}
[29.675822] (-) TimerEvent: {}
[29.776331] (-) TimerEvent: {}
[29.884367] (-) TimerEvent: {}
[29.985936] (-) TimerEvent: {}
[30.088568] (-) TimerEvent: {}
[30.200633] (-) TimerEvent: {}
[30.301765] (-) TimerEvent: {}
[30.402237] (-) TimerEvent: {}
[30.504356] (-) TimerEvent: {}
[30.611432] (-) TimerEvent: {}
[30.712038] (-) TimerEvent: {}
[30.812860] (-) TimerEvent: {}
[30.920639] (-) TimerEvent: {}
[31.022142] (-) TimerEvent: {}
[31.125364] (-) TimerEvent: {}
[31.226096] (-) TimerEvent: {}
[31.334703] (-) TimerEvent: {}
[31.437382] (-) TimerEvent: {}
[31.542369] (-) TimerEvent: {}
[31.642833] (-) TimerEvent: {}
[31.743310] (-) TimerEvent: {}
[31.845376] (-) TimerEvent: {}
[31.945853] (-) TimerEvent: {}
[32.053167] (-) TimerEvent: {}
[32.153637] (-) TimerEvent: {}
[32.255224] (-) TimerEvent: {}
[32.356490] (-) TimerEvent: {}
[32.467428] (-) TimerEvent: {}
[32.567812] (-) TimerEvent: {}
[32.668353] (-) TimerEvent: {}
[32.770357] (-) TimerEvent: {}
[32.873089] (-) TimerEvent: {}
[32.974292] (-) TimerEvent: {}
[33.074712] (-) TimerEvent: {}
[33.187355] (-) TimerEvent: {}
[33.287894] (-) TimerEvent: {}
[33.388350] (-) TimerEvent: {}
[33.490353] (-) TimerEvent: {}
[33.595647] (-) TimerEvent: {}
[33.697353] (-) TimerEvent: {}
[33.797769] (-) TimerEvent: {}
[33.898300] (-) TimerEvent: {}
[34.000360] (-) TimerEvent: {}
[34.103271] (-) TimerEvent: {}
[34.203772] (-) TimerEvent: {}
[34.305381] (-) TimerEvent: {}
[34.408646] (-) TimerEvent: {}
[34.513361] (-) TimerEvent: {}
[34.613840] (-) TimerEvent: {}
[34.714335] (-) TimerEvent: {}
[34.817356] (-) TimerEvent: {}
[34.918485] (-) TimerEvent: {}
[35.018964] (-) TimerEvent: {}
[35.120773] (-) TimerEvent: {}
[35.228107] (-) TimerEvent: {}
[35.328755] (-) TimerEvent: {}
[35.436357] (-) TimerEvent: {}
[35.536829] (-) TimerEvent: {}
[35.642051] (-) TimerEvent: {}
[35.742641] (-) TimerEvent: {}
[35.843298] (-) TimerEvent: {}
[35.943743] (-) TimerEvent: {}
[36.044353] (-) TimerEvent: {}
[36.088959] (ros2_mpu6050) StdoutLine: {'line': b'[100%] \x1b[32m\x1b[1mLinking CXX executable ros2_mpu6050\x1b[0m\n'}
[36.144556] (-) TimerEvent: {}
[36.245221] (-) TimerEvent: {}
[36.346426] (-) TimerEvent: {}
[36.448354] (-) TimerEvent: {}
[36.550382] (-) TimerEvent: {}
[36.652464] (-) TimerEvent: {}
[36.756117] (-) TimerEvent: {}
[36.856583] (-) TimerEvent: {}
[36.958861] (-) TimerEvent: {}
[37.067399] (-) TimerEvent: {}
[37.168108] (-) TimerEvent: {}
[37.273576] (-) TimerEvent: {}
[37.375041] (-) TimerEvent: {}
[37.475493] (-) TimerEvent: {}
[37.584351] (-) TimerEvent: {}
[37.684784] (-) TimerEvent: {}
[37.785296] (-) TimerEvent: {}
[37.888435] (-) TimerEvent: {}
[37.991368] (-) TimerEvent: {}
[38.094358] (-) TimerEvent: {}
[38.201750] (-) TimerEvent: {}
[38.305358] (-) TimerEvent: {}
[38.390164] (ros2_mpu6050) StdoutLine: {'line': b'[100%] Built target ros2_mpu6050\n'}
[38.405606] (-) TimerEvent: {}
[38.455943] (sllidar_ros2) StdoutLine: {'line': b'[ 45%] \x1b[32mBuilding CXX object CMakeFiles/sllidar_node.dir/sdk/src/hal/thread.cpp.o\x1b[0m\n'}
[38.484175] (ros2_mpu6050) CommandEnded: {'returncode': 0}
[38.484831] (ros2_mpu6050) JobProgress: {'identifier': 'ros2_mpu6050', 'progress': 'install'}
[38.508361] (-) TimerEvent: {}
[38.540617] (ros2_mpu6050) Command: {'cmd': ['/usr/bin/cmake', '--install', '/home/pi5/capstone-group8/ros2_ws/src/build/ros2_mpu6050'], 'cwd': '/home/pi5/capstone-group8/ros2_ws/src/build/ros2_mpu6050', 'env': OrderedDict({'GJS_DEBUG_TOPICS': 'JS ERROR;JS LOG', 'XDG_ACTIVATION_TOKEN': 'gnome-shell/Terminator/5395-0-pi5-desktop_TIME189427', 'LESSOPEN': '| /usr/bin/lesspipe %s', 'USER': 'pi5', 'SSH_AGENT_PID': '5118', 'XDG_SESSION_TYPE': 'x11', 'CLUTTER_DISABLE_MIPMAPPED_TEXT': '1', 'SHLVL': '2', 'LD_LIBRARY_PATH': '/opt/ros/jazzy/opt/rviz_ogre_vendor/lib:/opt/ros/jazzy/lib/aarch64-linux-gnu:/opt/ros/jazzy/opt/gz_math_vendor/lib:/opt/ros/jazzy/opt/gz_utils_vendor/lib:/opt/ros/jazzy/opt/gz_cmake_vendor/lib:/opt/ros/jazzy/lib', 'HOME': '/home/pi5', 'OLDPWD': '/home/pi5/capstone-group8/ros2_ws', 'GIO_LAUNCHED_DESKTOP_FILE': '/usr/share/applications/terminator.desktop', 'ROS_PYTHON_VERSION': '3', 'GTK_MODULES': 'gail:atk-bridge', 'MANAGERPID': '4850', 'SYSTEMD_EXEC_PID': '5395', 'XRDP_PULSE_SOURCE_SOCKET': 'xrdp_chansrv_audio_in_socket_10', 'XRDP_PULSE_SINK_SOCKET': 'xrdp_chansrv_audio_out_socket_10', 'GSM_SKIP_SSH_AGENT_WORKAROUND': 'true', 'DBUS_SESSION_BUS_ADDRESS': 'unix:path=/run/user/1000/bus', 'COLORTERM': 'truecolor', 'TERMINATOR_DBUS_NAME': 'net.tenshu.Terminator2bcb3aa092f2b6032576f3fd56ad9afe9', 'GIO_LAUNCHED_DESKTOP_FILE_PID': '6081', 'DEBUGINFOD_URLS': 'https://debuginfod.ubuntu.com', 'PULSE_SCRIPT': '/etc/xrdp/pulse/default.pa', 'IM_CONFIG_PHASE': '1', 'ROS_DISTRO': 'jazzy', 'GTK_IM_MODULE': 'ibus', 'LOGNAME': 'pi5', 'JOURNAL_STREAM': '8:29179', '_': '/usr/bin/colcon', 'ROS_VERSION': '2', 'MEMORY_PRESSURE_WATCH': '/sys/fs/cgroup/user.slice/user-1000.slice/user@1000.service/session.slice/org.gnome.Shell@x11.service/memory.pressure', 'XDG_SESSION_CLASS': 'user', 'TERM': 'xterm-256color', 'GNOME_DESKTOP_SESSION_ID': 'this-is-deprecated', 'PATH': '/opt/ros/jazzy/bin:/home/pi5/.local/bin:/usr/local/sbin:/usr/local/bin:/usr/sbin:/usr/bin:/sbin:/bin:/usr/games:/usr/local/games:/snap/bin', 'SESSION_MANAGER': 'local/pi5-desktop:@/tmp/.ICE-unix/5330,unix/pi5-desktop:/tmp/.ICE-unix/5330', 'INVOCATION_ID': '164353cce0d04b02b023f51772701d2c', 'XDG_MENU_PREFIX': 'gnome-', 'XRDP_SOCKET_PATH': '/run/xrdp/sockdir', 'XDG_RUNTIME_DIR': '/run/user/1000', 'DISPLAY': ':10.0', 'TERMINATOR_DBUS_PATH': '/net/tenshu/Terminator2', 'LANG': 'en_US.UTF-8', 'XDG_CURRENT_DESKTOP': 'GNOME', 'XMODIFIERS': '@im=ibus', 'LS_COLORS': 'rs=0:di=01;34:ln=01;36:mh=00:pi=40;33:so=01;35:do=01;35:bd=40;33;01:cd=40;33;01:or=40;31;01:mi=00:su=37;41:sg=30;43:ca=00:tw=30;42:ow=34;42:st=37;44:ex=01;32:*.tar=01;31:*.tgz=01;31:*.arc=01;31:*.arj=01;31:*.taz=01;31:*.lha=01;31:*.lz4=01;31:*.lzh=01;31:*.lzma=01;31:*.tlz=01;31:*.txz=01;31:*.tzo=01;31:*.t7z=01;31:*.zip=01;31:*.z=01;31:*.dz=01;31:*.gz=01;31:*.lrz=01;31:*.lz=01;31:*.lzo=01;31:*.xz=01;31:*.zst=01;31:*.tzst=01;31:*.bz2=01;31:*.bz=01;31:*.tbz=01;31:*.tbz2=01;31:*.tz=01;31:*.deb=01;31:*.rpm=01;31:*.jar=01;31:*.war=01;31:*.ear=01;31:*.sar=01;31:*.rar=01;31:*.alz=01;31:*.ace=01;31:*.zoo=01;31:*.cpio=01;31:*.7z=01;31:*.rz=01;31:*.cab=01;31:*.wim=01;31:*.swm=01;31:*.dwm=01;31:*.esd=01;31:*.avif=01;35:*.jpg=01;35:*.jpeg=01;35:*.mjpg=01;35:*.mjpeg=01;35:*.gif=01;35:*.bmp=01;35:*.pbm=01;35:*.pgm=01;35:*.ppm=01;35:*.tga=01;35:*.xbm=01;35:*.xpm=01;35:*.tif=01;35:*.tiff=01;35:*.png=01;35:*.svg=01;35:*.svgz=01;35:*.mng=01;35:*.pcx=01;35:*.mov=01;35:*.mpg=01;35:*.mpeg=01;35:*.m2v=01;35:*.mkv=01;35:*.webm=01;35:*.webp=01;35:*.ogm=01;35:*.mp4=01;35:*.m4v=01;35:*.mp4v=01;35:*.vob=01;35:*.qt=01;35:*.nuv=01;35:*.wmv=01;35:*.asf=01;35:*.rm=01;35:*.rmvb=01;35:*.flc=01;35:*.avi=01;35:*.fli=01;35:*.flv=01;35:*.gl=01;35:*.dl=01;35:*.xcf=01;35:*.xwd=01;35:*.yuv=01;35:*.cgm=01;35:*.emf=01;35:*.ogv=01;35:*.ogx=01;35:*.aac=00;36:*.au=00;36:*.flac=00;36:*.m4a=00;36:*.mid=00;36:*.midi=00;36:*.mka=00;36:*.mp3=00;36:*.mpc=00;36:*.ogg=00;36:*.ra=00;36:*.wav=00;36:*.oga=00;36:*.opus=00;36:*.spx=00;36:*.xspf=00;36:*~=00;90:*#=00;90:*.bak=00;90:*.crdownload=00;90:*.dpkg-dist=00;90:*.dpkg-new=00;90:*.dpkg-old=00;90:*.dpkg-tmp=00;90:*.old=00;90:*.orig=00;90:*.part=00;90:*.rej=00;90:*.rpmnew=00;90:*.rpmorig=00;90:*.rpmsave=00;90:*.swp=00;90:*.tmp=00;90:*.ucf-dist=00;90:*.ucf-new=00;90:*.ucf-old=00;90:', 'SSH_AUTH_SOCK': '/run/user/1000/keyring/ssh', 'AMENT_PREFIX_PATH': '/opt/ros/jazzy', 'UID': '1000', 'SHELL': '/bin/bash', 'TERMINATOR_UUID': 'urn:uuid:57a93a0b-224b-4c08-b531-a378d4cab3a8', 'QT_ACCESSIBILITY': '1', 'LESSCLOSE': '/usr/bin/lesspipe %s %s', 'XRDP_SESSION': '1', 'GPG_AGENT_INFO': '/run/user/1000/gnupg/S.gpg-agent:0:1', 'GJS_DEBUG_OUTPUT': 'stderr', 'ROS_AUTOMATIC_DISCOVERY_RANGE': 'SUBNET', 'QT_IM_MODULE': 'ibus', 'PWD': '/home/pi5/capstone-group8/ros2_ws/src/build/ros2_mpu6050', 'LC_ALL': 'en_US.UTF-8', 'CLUTTER_IM_MODULE': 'ibus', 'XDG_DATA_DIRS': '/usr/share/gnome:/usr/local/share:/usr/share:/var/lib/snapd/desktop', 'PYTHONPATH': '/opt/ros/jazzy/lib/python3.12/site-packages', 'COLCON': '1', 'MEMORY_PRESSURE_WRITE': 'c29tZSAyMDAwMDAgMjAwMDAwMAA=', 'VTE_VERSION': '7600', 'CMAKE_PREFIX_PATH': '/opt/ros/jazzy/opt/gz_math_vendor:/opt/ros/jazzy/opt/gz_utils_vendor:/opt/ros/jazzy/opt/gz_cmake_vendor:/opt/ros/jazzy'}), 'shell': False}
[38.583542] (ros2_mpu6050) StdoutLine: {'line': b'-- Install configuration: ""\n'}
[38.589308] (ros2_mpu6050) StdoutLine: {'line': b'-- Execute custom install script\n'}
[38.592549] (ros2_mpu6050) StdoutLine: {'line': b'-- Symlinking: /home/pi5/capstone-group8/ros2_ws/src/install/ros2_mpu6050/include/include/ros2_mpu6050/mpu6050.h\n'}
[38.611378] (-) TimerEvent: {}
[38.663335] (ros2_mpu6050) StdoutLine: {'line': b'-- Symlinking: /home/pi5/capstone-group8/ros2_ws/src/install/ros2_mpu6050/include/include/ros2_mpu6050/mpu6050_hal.h\n'}
[38.710947] (ros2_mpu6050) StdoutLine: {'line': b'-- Symlinking: /home/pi5/capstone-group8/ros2_ws/src/install/ros2_mpu6050/include/include/ros2_mpu6050/mpu6050_node.h\n'}
[38.712489] (-) TimerEvent: {}
[38.809736] (ros2_mpu6050) StdoutLine: {'line': b'-- Symlinking: /home/pi5/capstone-group8/ros2_ws/src/install/ros2_mpu6050/lib/ros2_mpu6050/ros2_mpu6050\n'}
[38.815362] (-) TimerEvent: {}
[38.891457] (ros2_mpu6050) StdoutLine: {'line': b'-- Symlinking: /home/pi5/capstone-group8/ros2_ws/src/install/ros2_mpu6050/lib/ros2_mpu6050/ros2_mpu6050_calibrate\n'}
[38.918695] (-) TimerEvent: {}
[38.941457] (ros2_mpu6050) StdoutLine: {'line': b'-- Symlinking: /home/pi5/capstone-group8/ros2_ws/src/install/ros2_mpu6050/share/ros2_mpu6050/config/params.yaml\n'}
[39.012144] (ros2_mpu6050) StdoutLine: {'line': b'-- Symlinking: /home/pi5/capstone-group8/ros2_ws/src/install/ros2_mpu6050/share/ros2_mpu6050/launch/ros2_mpu6050.launch.py\n'}
[39.019410] (-) TimerEvent: {}
[39.091731] (ros2_mpu6050) StdoutLine: {'line': b'-- Symlinking: /home/pi5/capstone-group8/ros2_ws/src/install/ros2_mpu6050/share/ament_index/resource_index/package_run_dependencies/ros2_mpu6050\n'}
[39.119538] (-) TimerEvent: {}
[39.143534] (ros2_mpu6050) StdoutLine: {'line': b'-- Symlinking: /home/pi5/capstone-group8/ros2_ws/src/install/ros2_mpu6050/share/ament_index/resource_index/parent_prefix_path/ros2_mpu6050\n'}
[39.191652] (ros2_mpu6050) StdoutLine: {'line': b'-- Symlinking: /home/pi5/capstone-group8/ros2_ws/src/install/ros2_mpu6050/share/ros2_mpu6050/environment/ament_prefix_path.sh\n'}
[39.220157] (-) TimerEvent: {}
[39.246379] (ros2_mpu6050) StdoutLine: {'line': b'-- Symlinking: /home/pi5/capstone-group8/ros2_ws/src/install/ros2_mpu6050/share/ros2_mpu6050/environment/ament_prefix_path.dsv\n'}
[39.281878] (ros2_mpu6050) StdoutLine: {'line': b'-- Symlinking: /home/pi5/capstone-group8/ros2_ws/src/install/ros2_mpu6050/share/ros2_mpu6050/environment/path.sh\n'}
[39.323398] (-) TimerEvent: {}
[39.328435] (ros2_mpu6050) StdoutLine: {'line': b'-- Symlinking: /home/pi5/capstone-group8/ros2_ws/src/install/ros2_mpu6050/share/ros2_mpu6050/environment/path.dsv\n'}
[39.382143] (ros2_mpu6050) StdoutLine: {'line': b'-- Symlinking: /home/pi5/capstone-group8/ros2_ws/src/install/ros2_mpu6050/share/ros2_mpu6050/local_setup.bash\n'}
[39.426361] (-) TimerEvent: {}
[39.429447] (ros2_mpu6050) StdoutLine: {'line': b'-- Symlinking: /home/pi5/capstone-group8/ros2_ws/src/install/ros2_mpu6050/share/ros2_mpu6050/local_setup.sh\n'}
[39.489361] (ros2_mpu6050) StdoutLine: {'line': b'-- Symlinking: /home/pi5/capstone-group8/ros2_ws/src/install/ros2_mpu6050/share/ros2_mpu6050/local_setup.zsh\n'}
[39.529353] (-) TimerEvent: {}
[39.541616] (ros2_mpu6050) StdoutLine: {'line': b'-- Symlinking: /home/pi5/capstone-group8/ros2_ws/src/install/ros2_mpu6050/share/ros2_mpu6050/local_setup.dsv\n'}
[39.607433] (ros2_mpu6050) StdoutLine: {'line': b'-- Symlinking: /home/pi5/capstone-group8/ros2_ws/src/install/ros2_mpu6050/share/ros2_mpu6050/package.dsv\n'}
[39.629489] (-) TimerEvent: {}
[39.670430] (ros2_mpu6050) StdoutLine: {'line': b'-- Symlinking: /home/pi5/capstone-group8/ros2_ws/src/install/ros2_mpu6050/share/ament_index/resource_index/packages/ros2_mpu6050\n'}
[39.696378] (ros2_mpu6050) StdoutLine: {'line': b'-- Symlinking: /home/pi5/capstone-group8/ros2_ws/src/install/ros2_mpu6050/share/ros2_mpu6050/cmake/ros2_mpu6050Config.cmake\n'}
[39.717305] (ros2_mpu6050) StdoutLine: {'line': b'-- Symlinking: /home/pi5/capstone-group8/ros2_ws/src/install/ros2_mpu6050/share/ros2_mpu6050/cmake/ros2_mpu6050Config-version.cmake\n'}
[39.730693] (-) TimerEvent: {}
[39.745202] (ros2_mpu6050) StdoutLine: {'line': b'-- Symlinking: /home/pi5/capstone-group8/ros2_ws/src/install/ros2_mpu6050/share/ros2_mpu6050/package.xml\n'}
[39.793483] (ros2_mpu6050) CommandEnded: {'returncode': 0}
[39.834510] (-) TimerEvent: {}
[39.884615] (ros2_mpu6050) JobEnded: {'identifier': 'ros2_mpu6050', 'rc': 0}
[39.937369] (-) TimerEvent: {}
[40.040375] (-) TimerEvent: {}
[40.143350] (-) TimerEvent: {}
[40.243789] (-) TimerEvent: {}
[40.347498] (-) TimerEvent: {}
[40.450350] (-) TimerEvent: {}
[40.457154] (sllidar_ros2) StderrLine: {'line': b'In file included from \x1b[01m\x1b[K/home/pi5/capstone-group8/ros2_ws/src/sllidar_ros2/./sdk/include/rplidar_protocol.h:36\x1b[m\x1b[K,\n'}
[40.457656] (sllidar_ros2) StderrLine: {'line': b'                 from \x1b[01m\x1b[K/home/pi5/capstone-group8/ros2_ws/src/sllidar_ros2/./sdk/include/rplidar.h:39\x1b[m\x1b[K,\n'}
[40.457954] (sllidar_ros2) StderrLine: {'line': b'                 from \x1b[01m\x1b[K/home/pi5/capstone-group8/ros2_ws/src/sllidar_ros2/./sdk/src/sdkcommon.h:49\x1b[m\x1b[K,\n'}
[40.458240] (sllidar_ros2) StderrLine: {'line': b'                 from \x1b[01m\x1b[K/home/pi5/capstone-group8/ros2_ws/src/sllidar_ros2/sdk/src/hal/thread.cpp:35\x1b[m\x1b[K:\n'}
[40.459440] (sllidar_ros2) StderrLine: {'line': b'\x1b[01m\x1b[K/home/pi5/capstone-group8/ros2_ws/src/sllidar_ros2/./sdk/include/sl_lidar_protocol.h:66:16:\x1b[m\x1b[K \x1b[01;35m\x1b[Kwarning: \x1b[m\x1b[KISO C++ forbids zero-size array \xe2\x80\x98\x1b[01m\x1b[Kdata\x1b[m\x1b[K\xe2\x80\x99 [\x1b[01;35m\x1b[K\x1b]8;;https://gcc.gnu.org/onlinedocs/gcc/Warning-Options.html#index-Wpedantic\x07-Wpedantic\x1b]8;;\x07\x1b[m\x1b[K]\n'}
[40.459707] (sllidar_ros2) StderrLine: {'line': b'   66 |     sl_u8 data[\x1b[01;35m\x1b[K0\x1b[m\x1b[K];\n'}
[40.459815] (sllidar_ros2) StderrLine: {'line': b'      |                \x1b[01;35m\x1b[K^\x1b[m\x1b[K\n'}
[40.462447] (sllidar_ros2) StderrLine: {'line': b'In file included from \x1b[01m\x1b[K/home/pi5/capstone-group8/ros2_ws/src/sllidar_ros2/./sdk/include/rplidar_cmd.h:36\x1b[m\x1b[K,\n'}
[40.462747] (sllidar_ros2) StderrLine: {'line': b'                 from \x1b[01m\x1b[K/home/pi5/capstone-group8/ros2_ws/src/sllidar_ros2/./sdk/include/rplidar.h:40\x1b[m\x1b[K:\n'}
[40.462878] (sllidar_ros2) StderrLine: {'line': b'\x1b[01m\x1b[K/home/pi5/capstone-group8/ros2_ws/src/sllidar_ros2/./sdk/include/sl_lidar_cmd.h:324:20:\x1b[m\x1b[K \x1b[01;35m\x1b[Kwarning: \x1b[m\x1b[KISO C++ forbids zero-size array \xe2\x80\x98\x1b[01m\x1b[Kpayload\x1b[m\x1b[K\xe2\x80\x99 [\x1b[01;35m\x1b[K\x1b]8;;https://gcc.gnu.org/onlinedocs/gcc/Warning-Options.html#index-Wpedantic\x07-Wpedantic\x1b]8;;\x07\x1b[m\x1b[K]\n'}
[40.462992] (sllidar_ros2) StderrLine: {'line': b'  324 |     sl_u8  payload[\x1b[01;35m\x1b[K0\x1b[m\x1b[K];\n'}
[40.463122] (sllidar_ros2) StderrLine: {'line': b'      |                    \x1b[01;35m\x1b[K^\x1b[m\x1b[K\n'}
[40.556344] (-) TimerEvent: {}
[40.608964] (sllidar_ros2) StderrLine: {'line': b'In file included from \x1b[01m\x1b[K/home/pi5/capstone-group8/ros2_ws/src/sllidar_ros2/sdk/src/hal/thread.cpp:43\x1b[m\x1b[K:\n'}
[40.609311] (sllidar_ros2) StderrLine: {'line': b'\x1b[01m\x1b[K/home/pi5/capstone-group8/ros2_ws/src/sllidar_ros2/./sdk/src/arch/linux/thread.hpp:\x1b[m\x1b[K In static member function \xe2\x80\x98\x1b[01m\x1b[Kstatic rp::hal::Thread rp::hal::Thread::\x1b[01;32m\x1b[Kcreate\x1b[m\x1b[K(thread_proc_t, void*)\x1b[m\x1b[K\xe2\x80\x99:\n'}
[40.609478] (sllidar_ros2) StderrLine: {'line': b'\x1b[01m\x1b[K/home/pi5/capstone-group8/ros2_ws/src/sllidar_ros2/./sdk/src/arch/linux/thread.hpp:52:57:\x1b[m\x1b[K \x1b[01;35m\x1b[Kwarning: \x1b[m\x1b[Kcast between incompatible function types from \xe2\x80\x98\x1b[01m\x1b[Kthread_proc_t\x1b[m\x1b[K\xe2\x80\x99 {aka \xe2\x80\x98\x1b[01m\x1b[Klong unsigned int (*)(void*)\x1b[m\x1b[K\xe2\x80\x99} to \xe2\x80\x98\x1b[01m\x1b[Kvoid* (*)(void*)\x1b[m\x1b[K\xe2\x80\x99 [\x1b[01;35m\x1b[K\x1b]8;;https://gcc.gnu.org/onlinedocs/gcc/Warning-Options.html#index-Wcast-function-type\x07-Wcast-function-type\x1b]8;;\x07\x1b[m\x1b[K]\n'}
[40.609599] (sllidar_ros2) StderrLine: {'line': b'   52 |     pthread_create((pthread_t *)&newborn._handle, NULL, \x1b[01;35m\x1b[K(void * (*)(void *))proc\x1b[m\x1b[K, data);\n'}
[40.609701] (sllidar_ros2) StderrLine: {'line': b'      |                                                         \x1b[01;35m\x1b[K^~~~~~~~~~~~~~~~~~~~~~~~\x1b[m\x1b[K\n'}
[40.617347] (sllidar_ros2) StderrLine: {'line': b'\x1b[01m\x1b[K/home/pi5/capstone-group8/ros2_ws/src/sllidar_ros2/./sdk/src/arch/linux/thread.hpp:\x1b[m\x1b[K In member function \xe2\x80\x98\x1b[01m\x1b[Ku_result rp::hal::Thread::\x1b[01;32m\x1b[Kjoin\x1b[m\x1b[K(long unsigned int)\x1b[m\x1b[K\xe2\x80\x99:\n'}
[40.617671] (sllidar_ros2) StderrLine: {'line': b'\x1b[01m\x1b[K/home/pi5/capstone-group8/ros2_ws/src/sllidar_ros2/./sdk/src/arch/linux/thread.hpp:176:37:\x1b[m\x1b[K \x1b[01;35m\x1b[Kwarning: \x1b[m\x1b[Kunused parameter \xe2\x80\x98\x1b[01m\x1b[Ktimeout\x1b[m\x1b[K\xe2\x80\x99 [\x1b[01;35m\x1b[K\x1b]8;;https://gcc.gnu.org/onlinedocs/gcc/Warning-Options.html#index-Wunused-parameter\x07-Wunused-parameter\x1b]8;;\x07\x1b[m\x1b[K]\n'}
[40.617797] (sllidar_ros2) StderrLine: {'line': b'  176 | u_result Thread::join(\x1b[01;35m\x1b[Kunsigned long timeout\x1b[m\x1b[K)\n'}
[40.617899] (sllidar_ros2) StderrLine: {'line': b'      |                       \x1b[01;35m\x1b[K~~~~~~~~~~~~~~^~~~~~~\x1b[m\x1b[K\n'}
[40.656467] (-) TimerEvent: {}
[40.760349] (-) TimerEvent: {}
[40.860791] (-) TimerEvent: {}
[40.961284] (-) TimerEvent: {}
[41.063623] (-) TimerEvent: {}
[41.073552] (sllidar_ros2) StdoutLine: {'line': b'[ 50%] \x1b[32mBuilding CXX object CMakeFiles/sllidar_node.dir/sdk/src/rplidar_driver.cpp.o\x1b[0m\n'}
[41.163760] (-) TimerEvent: {}
[41.272359] (-) TimerEvent: {}
[41.372807] (-) TimerEvent: {}
[41.473323] (-) TimerEvent: {}
[41.573770] (-) TimerEvent: {}
[41.674191] (-) TimerEvent: {}
[41.774614] (-) TimerEvent: {}
[41.875012] (-) TimerEvent: {}
[41.977357] (-) TimerEvent: {}
[42.084870] (-) TimerEvent: {}
[42.188782] (-) TimerEvent: {}
[42.312350] (-) TimerEvent: {}
[42.412800] (-) TimerEvent: {}
[42.513233] (-) TimerEvent: {}
[42.588665] (sllidar_ros2) StderrLine: {'line': b'In file included from \x1b[01m\x1b[K/home/pi5/capstone-group8/ros2_ws/src/sllidar_ros2/./sdk/include/rplidar_protocol.h:36\x1b[m\x1b[K,\n'}
[42.589020] (sllidar_ros2) StderrLine: {'line': b'                 from \x1b[01m\x1b[K/home/pi5/capstone-group8/ros2_ws/src/sllidar_ros2/./sdk/include/rplidar.h:39\x1b[m\x1b[K,\n'}
[42.589148] (sllidar_ros2) StderrLine: {'line': b'                 from \x1b[01m\x1b[K/home/pi5/capstone-group8/ros2_ws/src/sllidar_ros2/sdk/src/sdkcommon.h:49\x1b[m\x1b[K,\n'}
[42.589291] (sllidar_ros2) StderrLine: {'line': b'                 from \x1b[01m\x1b[K/home/pi5/capstone-group8/ros2_ws/src/sllidar_ros2/sdk/src/rplidar_driver.cpp:33\x1b[m\x1b[K:\n'}
[42.589445] (sllidar_ros2) StderrLine: {'line': b'\x1b[01m\x1b[K/home/pi5/capstone-group8/ros2_ws/src/sllidar_ros2/./sdk/include/sl_lidar_protocol.h:66:16:\x1b[m\x1b[K \x1b[01;35m\x1b[Kwarning: \x1b[m\x1b[KISO C++ forbids zero-size array \xe2\x80\x98\x1b[01m\x1b[Kdata\x1b[m\x1b[K\xe2\x80\x99 [\x1b[01;35m\x1b[K\x1b]8;;https://gcc.gnu.org/onlinedocs/gcc/Warning-Options.html#index-Wpedantic\x07-Wpedantic\x1b]8;;\x07\x1b[m\x1b[K]\n'}
[42.589562] (sllidar_ros2) StderrLine: {'line': b'   66 |     sl_u8 data[\x1b[01;35m\x1b[K0\x1b[m\x1b[K];\n'}
[42.589669] (sllidar_ros2) StderrLine: {'line': b'      |                \x1b[01;35m\x1b[K^\x1b[m\x1b[K\n'}
[42.589766] (sllidar_ros2) StderrLine: {'line': b'In file included from \x1b[01m\x1b[K/home/pi5/capstone-group8/ros2_ws/src/sllidar_ros2/./sdk/include/rplidar_cmd.h:36\x1b[m\x1b[K,\n'}
[42.589870] (sllidar_ros2) StderrLine: {'line': b'                 from \x1b[01m\x1b[K/home/pi5/capstone-group8/ros2_ws/src/sllidar_ros2/./sdk/include/rplidar.h:40\x1b[m\x1b[K:\n'}
[42.589983] (sllidar_ros2) StderrLine: {'line': b'\x1b[01m\x1b[K/home/pi5/capstone-group8/ros2_ws/src/sllidar_ros2/./sdk/include/sl_lidar_cmd.h:324:20:\x1b[m\x1b[K \x1b[01;35m\x1b[Kwarning: \x1b[m\x1b[KISO C++ forbids zero-size array \xe2\x80\x98\x1b[01m\x1b[Kpayload\x1b[m\x1b[K\xe2\x80\x99 [\x1b[01;35m\x1b[K\x1b]8;;https://gcc.gnu.org/onlinedocs/gcc/Warning-Options.html#index-Wpedantic\x07-Wpedantic\x1b]8;;\x07\x1b[m\x1b[K]\n'}
[42.590176] (sllidar_ros2) StderrLine: {'line': b'  324 |     sl_u8  payload[\x1b[01;35m\x1b[K0\x1b[m\x1b[K];\n'}
[42.597322] (sllidar_ros2) StderrLine: {'line': b'      |                    \x1b[01;35m\x1b[K^\x1b[m\x1b[K\n'}
[42.622350] (-) TimerEvent: {}
[42.682004] (sllidar_ros2) StderrLine: {'line': b'\x1b[01m\x1b[K/home/pi5/capstone-group8/ros2_ws/src/sllidar_ros2/sdk/src/rplidar_driver.cpp:\x1b[m\x1b[K In member function \xe2\x80\x98\x1b[01m\x1b[Ku_result rp::standalone::rplidar::RPlidarDriver::\x1b[01;32m\x1b[Kconnect\x1b[m\x1b[K(const char*, _u32, _u32)\x1b[m\x1b[K\xe2\x80\x99:\n'}
[42.682414] (sllidar_ros2) StderrLine: {'line': b'\x1b[01m\x1b[K/home/pi5/capstone-group8/ros2_ws/src/sllidar_ros2/sdk/src/rplidar_driver.cpp:67:77:\x1b[m\x1b[K \x1b[01;35m\x1b[Kwarning: \x1b[m\x1b[Kunused parameter \xe2\x80\x98\x1b[01m\x1b[Kflag\x1b[m\x1b[K\xe2\x80\x99 [\x1b[01;35m\x1b[K\x1b]8;;https://gcc.gnu.org/onlinedocs/gcc/Warning-Options.html#index-Wunused-parameter\x07-Wunused-parameter\x1b]8;;\x07\x1b[m\x1b[K]\n'}
[42.682582] (sllidar_ros2) StderrLine: {'line': b'   67 | lt RPlidarDriver::connect(const char *path, _u32 portOrBaud, \x1b[01;35m\x1b[K_u32 flag\x1b[m\x1b[K)\n'}
[42.682702] (sllidar_ros2) StderrLine: {'line': b'      |                                                              \x1b[01;35m\x1b[K~~~~~^~~~\x1b[m\x1b[K\n'}
[42.682812] (sllidar_ros2) StderrLine: {'line': b'\n'}
[42.683032] (sllidar_ros2) StderrLine: {'line': b'\x1b[01m\x1b[K/home/pi5/capstone-group8/ros2_ws/src/sllidar_ros2/sdk/src/rplidar_driver.cpp:\x1b[m\x1b[K In member function \xe2\x80\x98\x1b[01m\x1b[Ku_result rp::standalone::rplidar::RPlidarDriver::\x1b[01;32m\x1b[Kreset\x1b[m\x1b[K(_u32)\x1b[m\x1b[K\xe2\x80\x99:\n'}
[42.683180] (sllidar_ros2) StderrLine: {'line': b'\x1b[01m\x1b[K/home/pi5/capstone-group8/ros2_ws/src/sllidar_ros2/sdk/src/rplidar_driver.cpp:101:40:\x1b[m\x1b[K \x1b[01;35m\x1b[Kwarning: \x1b[m\x1b[Kunused parameter \xe2\x80\x98\x1b[01m\x1b[Ktimeout\x1b[m\x1b[K\xe2\x80\x99 [\x1b[01;35m\x1b[K\x1b]8;;https://gcc.gnu.org/onlinedocs/gcc/Warning-Options.html#index-Wunused-parameter\x07-Wunused-parameter\x1b]8;;\x07\x1b[m\x1b[K]\n'}
[42.683689] (sllidar_ros2) StderrLine: {'line': b'  101 |     u_result RPlidarDriver::reset(\x1b[01;35m\x1b[K_u32 timeout\x1b[m\x1b[K)\n'}
[42.684383] (sllidar_ros2) StderrLine: {'line': b'      |                                   \x1b[01;35m\x1b[K~~~~~^~~~~~~\x1b[m\x1b[K\n'}
[42.701347] (sllidar_ros2) StderrLine: {'line': b'\x1b[01m\x1b[K/home/pi5/capstone-group8/ros2_ws/src/sllidar_ros2/sdk/src/rplidar_driver.cpp:\x1b[m\x1b[K In member function \xe2\x80\x98\x1b[01m\x1b[Ku_result rp::standalone::rplidar::RPlidarDriver::\x1b[01;32m\x1b[KgetScanDataWithInterval\x1b[m\x1b[K(rplidar_response_measurement_node_t*, size_t&)\x1b[m\x1b[K\xe2\x80\x99:\n'}
[42.701696] (sllidar_ros2) StderrLine: {'line': b'\x1b[01m\x1b[K/home/pi5/capstone-group8/ros2_ws/src/sllidar_ros2/sdk/src/rplidar_driver.cpp:180:91:\x1b[m\x1b[K \x1b[01;35m\x1b[Kwarning: \x1b[m\x1b[Kunused parameter \xe2\x80\x98\x1b[01m\x1b[Knodebuffer\x1b[m\x1b[K\xe2\x80\x99 [\x1b[01;35m\x1b[K\x1b]8;;https://gcc.gnu.org/onlinedocs/gcc/Warning-Options.html#index-Wunused-parameter\x07-Wunused-parameter\x1b]8;;\x07\x1b[m\x1b[K]\n'}
[42.701833] (sllidar_ros2) StderrLine: {'line': b'  180 | tScanDataWithInterval(\x1b[01;35m\x1b[Krplidar_response_measurement_node_t * nodebuffer\x1b[m\x1b[K, size_t & count)\n'}
[42.701940] (sllidar_ros2) StderrLine: {'line': b'      |                       \x1b[01;35m\x1b[K~~~~~~~~~~~~~~~~~~~~~~~~~~~~~~~~~~~~~~^~~~~~~~~~\x1b[m\x1b[K\n'}
[42.702040] (sllidar_ros2) StderrLine: {'line': b'\n'}
[42.702132] (sllidar_ros2) StderrLine: {'line': b'\x1b[01m\x1b[K/home/pi5/capstone-group8/ros2_ws/src/sllidar_ros2/sdk/src/rplidar_driver.cpp:180:112:\x1b[m\x1b[K \x1b[01;35m\x1b[Kwarning: \x1b[m\x1b[Kunused parameter \xe2\x80\x98\x1b[01m\x1b[Kcount\x1b[m\x1b[K\xe2\x80\x99 [\x1b[01;35m\x1b[K\x1b]8;;https://gcc.gnu.org/onlinedocs/gcc/Warning-Options.html#index-Wunused-parameter\x07-Wunused-parameter\x1b]8;;\x07\x1b[m\x1b[K]\n'}
[42.702235] (sllidar_ros2) StderrLine: {'line': b'  180 | erval(rplidar_response_measurement_node_t * nodebuffer, \x1b[01;35m\x1b[Ksize_t & count\x1b[m\x1b[K)\n'}
[42.702408] (sllidar_ros2) StderrLine: {'line': b'      |                                                         \x1b[01;35m\x1b[K~~~~~~~~~^~~~~\x1b[m\x1b[K\n'}
[42.702505] (sllidar_ros2) StderrLine: {'line': b'\n'}
[42.725492] (-) TimerEvent: {}
[42.827499] (-) TimerEvent: {}
[42.939359] (-) TimerEvent: {}
[42.952224] (sllidar_ros2) StdoutLine: {'line': b'[ 55%] \x1b[32mBuilding CXX object CMakeFiles/sllidar_node.dir/sdk/src/sl_async_transceiver.cpp.o\x1b[0m\n'}
[43.041389] (-) TimerEvent: {}
[43.141806] (-) TimerEvent: {}
[43.244486] (-) TimerEvent: {}
[43.355813] (-) TimerEvent: {}
[43.458660] (-) TimerEvent: {}
[43.560360] (-) TimerEvent: {}
[43.666556] (-) TimerEvent: {}
[43.766966] (-) TimerEvent: {}
[43.867458] (-) TimerEvent: {}
[43.969361] (-) TimerEvent: {}
[44.069859] (-) TimerEvent: {}
[44.170329] (-) TimerEvent: {}
[44.282367] (-) TimerEvent: {}
[44.382802] (-) TimerEvent: {}
[44.448426] (sllidar_ros2) StderrLine: {'line': b'In file included from \x1b[01m\x1b[K/home/pi5/capstone-group8/ros2_ws/src/sllidar_ros2/./sdk/include/rplidar_protocol.h:36\x1b[m\x1b[K,\n'}
[44.454349] (sllidar_ros2) StderrLine: {'line': b'                 from \x1b[01m\x1b[K/home/pi5/capstone-group8/ros2_ws/src/sllidar_ros2/./sdk/include/rplidar.h:39\x1b[m\x1b[K,\n'}
[44.454685] (sllidar_ros2) StderrLine: {'line': b'                 from \x1b[01m\x1b[K/home/pi5/capstone-group8/ros2_ws/src/sllidar_ros2/sdk/src/sdkcommon.h:49\x1b[m\x1b[K,\n'}
[44.454842] (sllidar_ros2) StderrLine: {'line': b'                 from \x1b[01m\x1b[K/home/pi5/capstone-group8/ros2_ws/src/sllidar_ros2/sdk/src/sl_async_transceiver.cpp:35\x1b[m\x1b[K:\n'}
[44.454976] (sllidar_ros2) StderrLine: {'line': b'\x1b[01m\x1b[K/home/pi5/capstone-group8/ros2_ws/src/sllidar_ros2/./sdk/include/sl_lidar_protocol.h:66:16:\x1b[m\x1b[K \x1b[01;35m\x1b[Kwarning: \x1b[m\x1b[KISO C++ forbids zero-size array \xe2\x80\x98\x1b[01m\x1b[Kdata\x1b[m\x1b[K\xe2\x80\x99 [\x1b[01;35m\x1b[K\x1b]8;;https://gcc.gnu.org/onlinedocs/gcc/Warning-Options.html#index-Wpedantic\x07-Wpedantic\x1b]8;;\x07\x1b[m\x1b[K]\n'}
[44.455123] (sllidar_ros2) StderrLine: {'line': b'   66 |     sl_u8 data[\x1b[01;35m\x1b[K0\x1b[m\x1b[K];\n'}
[44.455247] (sllidar_ros2) StderrLine: {'line': b'      |                \x1b[01;35m\x1b[K^\x1b[m\x1b[K\n'}
[44.458630] (sllidar_ros2) StderrLine: {'line': b'In file included from \x1b[01m\x1b[K/home/pi5/capstone-group8/ros2_ws/src/sllidar_ros2/./sdk/include/rplidar_cmd.h:36\x1b[m\x1b[K,\n'}
[44.458764] (sllidar_ros2) StderrLine: {'line': b'                 from \x1b[01m\x1b[K/home/pi5/capstone-group8/ros2_ws/src/sllidar_ros2/./sdk/include/rplidar.h:40\x1b[m\x1b[K:\n'}
[44.458882] (sllidar_ros2) StderrLine: {'line': b'\x1b[01m\x1b[K/home/pi5/capstone-group8/ros2_ws/src/sllidar_ros2/./sdk/include/sl_lidar_cmd.h:324:20:\x1b[m\x1b[K \x1b[01;35m\x1b[Kwarning: \x1b[m\x1b[KISO C++ forbids zero-size array \xe2\x80\x98\x1b[01m\x1b[Kpayload\x1b[m\x1b[K\xe2\x80\x99 [\x1b[01;35m\x1b[K\x1b]8;;https://gcc.gnu.org/onlinedocs/gcc/Warning-Options.html#index-Wpedantic\x07-Wpedantic\x1b]8;;\x07\x1b[m\x1b[K]\n'}
[44.459063] (sllidar_ros2) StderrLine: {'line': b'  324 |     sl_u8  payload[\x1b[01;35m\x1b[K0\x1b[m\x1b[K];\n'}
[44.459201] (sllidar_ros2) StderrLine: {'line': b'      |                    \x1b[01;35m\x1b[K^\x1b[m\x1b[K\n'}
[44.484362] (-) TimerEvent: {}
[44.593444] (-) TimerEvent: {}
[44.694372] (-) TimerEvent: {}
[44.794850] (-) TimerEvent: {}
[44.816042] (sllidar_ros2) StderrLine: {'line': b'In file included from \x1b[01m\x1b[K/home/pi5/capstone-group8/ros2_ws/src/sllidar_ros2/sdk/src/sl_async_transceiver.cpp:44\x1b[m\x1b[K:\n'}
[44.816372] (sllidar_ros2) StderrLine: {'line': b'\x1b[01m\x1b[K/home/pi5/capstone-group8/ros2_ws/src/sllidar_ros2/sdk/src/sl_async_transceiver.h:\x1b[m\x1b[K In member function \xe2\x80\x98\x1b[01m\x1b[Kvirtual void sl::internal::IAsyncProtocolCodec::\x1b[01;32m\x1b[KonChannelError\x1b[m\x1b[K(u_result)\x1b[m\x1b[K\xe2\x80\x99:\n'}
[44.816502] (sllidar_ros2) StderrLine: {'line': b'\x1b[01m\x1b[K/home/pi5/capstone-group8/ros2_ws/src/sllidar_ros2/sdk/src/sl_async_transceiver.h:90:48:\x1b[m\x1b[K \x1b[01;35m\x1b[Kwarning: \x1b[m\x1b[Kunused parameter \xe2\x80\x98\x1b[01m\x1b[KerrCode\x1b[m\x1b[K\xe2\x80\x99 [\x1b[01;35m\x1b[K\x1b]8;;https://gcc.gnu.org/onlinedocs/gcc/Warning-Options.html#index-Wunused-parameter\x07-Wunused-parameter\x1b]8;;\x07\x1b[m\x1b[K]\n'}
[44.816644] (sllidar_ros2) StderrLine: {'line': b'   90 |         virtual void   onChannelError(\x1b[01;35m\x1b[Ku_result errCode\x1b[m\x1b[K) {}\n'}
[44.816747] (sllidar_ros2) StderrLine: {'line': b'      |                                       \x1b[01;35m\x1b[K~~~~~~~~~^~~~~~~\x1b[m\x1b[K\n'}
[44.895274] (-) TimerEvent: {}
[45.003843] (-) TimerEvent: {}
[45.104541] (-) TimerEvent: {}
[45.184362] (sllidar_ros2) StdoutLine: {'line': b'[ 60%] \x1b[32mBuilding CXX object CMakeFiles/sllidar_node.dir/sdk/src/sl_crc.cpp.o\x1b[0m\n'}
[45.204674] (-) TimerEvent: {}
[45.307359] (-) TimerEvent: {}
[45.331728] (sllidar_ros2) StderrLine: {'line': b'In file included from \x1b[01m\x1b[K/home/pi5/capstone-group8/ros2_ws/src/sllidar_ros2/./sdk/include/sl_lidar_cmd.h:41\x1b[m\x1b[K,\n'}
[45.332054] (sllidar_ros2) StderrLine: {'line': b'                 from \x1b[01m\x1b[K/home/pi5/capstone-group8/ros2_ws/src/sllidar_ros2/./sdk/include/sl_crc.h:36\x1b[m\x1b[K,\n'}
[45.332177] (sllidar_ros2) StderrLine: {'line': b'                 from \x1b[01m\x1b[K/home/pi5/capstone-group8/ros2_ws/src/sllidar_ros2/sdk/src/sl_crc.cpp:33\x1b[m\x1b[K:\n'}
[45.332370] (sllidar_ros2) StderrLine: {'line': b'\x1b[01m\x1b[K/home/pi5/capstone-group8/ros2_ws/src/sllidar_ros2/./sdk/include/sl_lidar_protocol.h:66:16:\x1b[m\x1b[K \x1b[01;35m\x1b[Kwarning: \x1b[m\x1b[KISO C++ forbids zero-size array \xe2\x80\x98\x1b[01m\x1b[Kdata\x1b[m\x1b[K\xe2\x80\x99 [\x1b[01;35m\x1b[K\x1b]8;;https://gcc.gnu.org/onlinedocs/gcc/Warning-Options.html#index-Wpedantic\x07-Wpedantic\x1b]8;;\x07\x1b[m\x1b[K]\n'}
[45.332525] (sllidar_ros2) StderrLine: {'line': b'   66 |     sl_u8 data[\x1b[01;35m\x1b[K0\x1b[m\x1b[K];\n'}
[45.332638] (sllidar_ros2) StderrLine: {'line': b'      |                \x1b[01;35m\x1b[K^\x1b[m\x1b[K\n'}
[45.332839] (sllidar_ros2) StderrLine: {'line': b'\x1b[01m\x1b[K/home/pi5/capstone-group8/ros2_ws/src/sllidar_ros2/./sdk/include/sl_lidar_cmd.h:324:20:\x1b[m\x1b[K \x1b[01;35m\x1b[Kwarning: \x1b[m\x1b[KISO C++ forbids zero-size array \xe2\x80\x98\x1b[01m\x1b[Kpayload\x1b[m\x1b[K\xe2\x80\x99 [\x1b[01;35m\x1b[K\x1b]8;;https://gcc.gnu.org/onlinedocs/gcc/Warning-Options.html#index-Wpedantic\x07-Wpedantic\x1b]8;;\x07\x1b[m\x1b[K]\n'}
[45.332982] (sllidar_ros2) StderrLine: {'line': b'  324 |     sl_u8  payload[\x1b[01;35m\x1b[K0\x1b[m\x1b[K];\n'}
[45.333092] (sllidar_ros2) StderrLine: {'line': b'      |                    \x1b[01;35m\x1b[K^\x1b[m\x1b[K\n'}
[45.407578] (-) TimerEvent: {}
[45.569361] (sllidar_ros2) StdoutLine: {'line': b'[ 65%] \x1b[32mBuilding CXX object CMakeFiles/sllidar_node.dir/sdk/src/sl_lidar_driver.cpp.o\x1b[0m\n'}
[45.569726] (-) TimerEvent: {}
[45.670136] (-) TimerEvent: {}
[45.770631] (-) TimerEvent: {}
[45.871066] (-) TimerEvent: {}
[45.971567] (-) TimerEvent: {}
[46.078356] (-) TimerEvent: {}
[46.179613] (-) TimerEvent: {}
[46.280056] (-) TimerEvent: {}
[46.382362] (-) TimerEvent: {}
[46.482778] (-) TimerEvent: {}
[46.583212] (-) TimerEvent: {}
[46.683689] (-) TimerEvent: {}
[46.793352] (-) TimerEvent: {}
[46.893876] (-) TimerEvent: {}
[46.994440] (-) TimerEvent: {}
[47.094919] (-) TimerEvent: {}
[47.195362] (-) TimerEvent: {}
[47.295785] (-) TimerEvent: {}
[47.385336] (sllidar_ros2) StdoutLine: {'line': b'[ 70%] \x1b[32m\x1b[1mLinking CXX executable sllidar_client\x1b[0m\n'}
[47.397373] (-) TimerEvent: {}
[47.497833] (-) TimerEvent: {}
[47.598286] (-) TimerEvent: {}
[47.614859] (sllidar_ros2) StderrLine: {'line': b'In file included from \x1b[01m\x1b[K/home/pi5/capstone-group8/ros2_ws/src/sllidar_ros2/./sdk/include/rplidar_protocol.h:36\x1b[m\x1b[K,\n'}
[47.618497] (sllidar_ros2) StderrLine: {'line': b'                 from \x1b[01m\x1b[K/home/pi5/capstone-group8/ros2_ws/src/sllidar_ros2/./sdk/include/rplidar.h:39\x1b[m\x1b[K,\n'}
[47.618901] (sllidar_ros2) StderrLine: {'line': b'                 from \x1b[01m\x1b[K/home/pi5/capstone-group8/ros2_ws/src/sllidar_ros2/sdk/src/sdkcommon.h:49\x1b[m\x1b[K,\n'}
[47.622349] (sllidar_ros2) StderrLine: {'line': b'                 from \x1b[01m\x1b[K/home/pi5/capstone-group8/ros2_ws/src/sllidar_ros2/sdk/src/sl_lidar_driver.cpp:33\x1b[m\x1b[K:\n'}
[47.622826] (sllidar_ros2) StderrLine: {'line': b'\x1b[01m\x1b[K/home/pi5/capstone-group8/ros2_ws/src/sllidar_ros2/./sdk/include/sl_lidar_protocol.h:66:16:\x1b[m\x1b[K \x1b[01;35m\x1b[Kwarning: \x1b[m\x1b[KISO C++ forbids zero-size array \xe2\x80\x98\x1b[01m\x1b[Kdata\x1b[m\x1b[K\xe2\x80\x99 [\x1b[01;35m\x1b[K\x1b]8;;https://gcc.gnu.org/onlinedocs/gcc/Warning-Options.html#index-Wpedantic\x07-Wpedantic\x1b]8;;\x07\x1b[m\x1b[K]\n'}
[47.629455] (sllidar_ros2) StderrLine: {'line': b'   66 |     sl_u8 data[\x1b[01;35m\x1b[K0\x1b[m\x1b[K];\n'}
[47.629761] (sllidar_ros2) StderrLine: {'line': b'      |                \x1b[01;35m\x1b[K^\x1b[m\x1b[K\n'}
[47.630105] (sllidar_ros2) StderrLine: {'line': b'In file included from \x1b[01m\x1b[K/home/pi5/capstone-group8/ros2_ws/src/sllidar_ros2/./sdk/include/rplidar_cmd.h:36\x1b[m\x1b[K,\n'}
[47.630429] (sllidar_ros2) StderrLine: {'line': b'                 from \x1b[01m\x1b[K/home/pi5/capstone-group8/ros2_ws/src/sllidar_ros2/./sdk/include/rplidar.h:40\x1b[m\x1b[K:\n'}
[47.633480] (sllidar_ros2) StderrLine: {'line': b'\x1b[01m\x1b[K/home/pi5/capstone-group8/ros2_ws/src/sllidar_ros2/./sdk/include/sl_lidar_cmd.h:324:20:\x1b[m\x1b[K \x1b[01;35m\x1b[Kwarning: \x1b[m\x1b[KISO C++ forbids zero-size array \xe2\x80\x98\x1b[01m\x1b[Kpayload\x1b[m\x1b[K\xe2\x80\x99 [\x1b[01;35m\x1b[K\x1b]8;;https://gcc.gnu.org/onlinedocs/gcc/Warning-Options.html#index-Wpedantic\x07-Wpedantic\x1b]8;;\x07\x1b[m\x1b[K]\n'}
[47.634775] (sllidar_ros2) StderrLine: {'line': b'  324 |     sl_u8  payload[\x1b[01;35m\x1b[K0\x1b[m\x1b[K];\n'}
[47.635119] (sllidar_ros2) StderrLine: {'line': b'      |                    \x1b[01;35m\x1b[K^\x1b[m\x1b[K\n'}
[47.699484] (-) TimerEvent: {}
[47.800168] (-) TimerEvent: {}
[47.900680] (-) TimerEvent: {}
[48.001179] (-) TimerEvent: {}
[48.104632] (-) TimerEvent: {}
[48.212380] (-) TimerEvent: {}
[48.317341] (-) TimerEvent: {}
[48.417811] (-) TimerEvent: {}
[48.525008] (-) TimerEvent: {}
[48.631429] (-) TimerEvent: {}
[48.690637] (sllidar_ros2) StderrLine: {'line': b'In file included from \x1b[01m\x1b[K/home/pi5/capstone-group8/ros2_ws/src/sllidar_ros2/sdk/src/sl_lidar_driver.cpp:50\x1b[m\x1b[K:\n'}
[48.690929] (sllidar_ros2) StderrLine: {'line': b'\x1b[01m\x1b[K/home/pi5/capstone-group8/ros2_ws/src/sllidar_ros2/sdk/src/dataunpacker/dataunpacker.h:\x1b[m\x1b[K In member function \xe2\x80\x98\x1b[01m\x1b[Kvirtual void sl::internal::LIDARSampleDataListener::\x1b[01;32m\x1b[KonCustomSampleDataDecoded\x1b[m\x1b[K(_u8, _u32, const void*, size_t)\x1b[m\x1b[K\xe2\x80\x99:\n'}
[48.691067] (sllidar_ros2) StderrLine: {'line': b'\x1b[01m\x1b[K/home/pi5/capstone-group8/ros2_ws/src/sllidar_ros2/sdk/src/dataunpacker/dataunpacker.h:54:52:\x1b[m\x1b[K \x1b[01;35m\x1b[Kwarning: \x1b[m\x1b[Kunused parameter \xe2\x80\x98\x1b[01m\x1b[KansType\x1b[m\x1b[K\xe2\x80\x99 [\x1b[01;35m\x1b[K\x1b]8;;https://gcc.gnu.org/onlinedocs/gcc/Warning-Options.html#index-Wunused-parameter\x07-Wunused-parameter\x1b]8;;\x07\x1b[m\x1b[K]\n'}
[48.691227] (sllidar_ros2) StderrLine: {'line': b'   54 |         virtual void onCustomSampleDataDecoded(\x1b[01;35m\x1b[K_u8 ansType\x1b[m\x1b[K, _u32 customCode, const void* data, size_t size) {}\n'}
[48.691395] (sllidar_ros2) StderrLine: {'line': b'      |                                                \x1b[01;35m\x1b[K~~~~^~~~~~~\x1b[m\x1b[K\n'}
[48.691741] (sllidar_ros2) StderrLine: {'line': b'\x1b[01m\x1b[K/home/pi5/capstone-group8/ros2_ws/src/sllidar_ros2/sdk/src/dataunpacker/dataunpacker.h:54:66:\x1b[m\x1b[K \x1b[01;35m\x1b[Kwarning: \x1b[m\x1b[Kunused parameter \xe2\x80\x98\x1b[01m\x1b[KcustomCode\x1b[m\x1b[K\xe2\x80\x99 [\x1b[01;35m\x1b[K\x1b]8;;https://gcc.gnu.org/onlinedocs/gcc/Warning-Options.html#index-Wunused-parameter\x07-Wunused-parameter\x1b]8;;\x07\x1b[m\x1b[K]\n'}
[48.691937] (sllidar_ros2) StderrLine: {'line': b'   54 |    virtual void onCustomSampleDataDecoded(_u8 ansType, \x1b[01;35m\x1b[K_u32 customCode\x1b[m\x1b[K, const void* data, size_t size) {}\n'}
[48.692069] (sllidar_ros2) StderrLine: {'line': b'      |                                                        \x1b[01;35m\x1b[K~~~~~^~~~~~~~~~\x1b[m\x1b[K\n'}
[48.692206] (sllidar_ros2) StderrLine: {'line': b'\n'}
[48.692378] (sllidar_ros2) StderrLine: {'line': b'\x1b[01m\x1b[K/home/pi5/capstone-group8/ros2_ws/src/sllidar_ros2/sdk/src/dataunpacker/dataunpacker.h:54:90:\x1b[m\x1b[K \x1b[01;35m\x1b[Kwarning: \x1b[m\x1b[Kunused parameter \xe2\x80\x98\x1b[01m\x1b[Kdata\x1b[m\x1b[K\xe2\x80\x99 [\x1b[01;35m\x1b[K\x1b]8;;https://gcc.gnu.org/onlinedocs/gcc/Warning-Options.html#index-Wunused-parameter\x07-Wunused-parameter\x1b]8;;\x07\x1b[m\x1b[K]\n'}
[48.692499] (sllidar_ros2) StderrLine: {'line': b'   54 | SampleDataDecoded(_u8 ansType, _u32 customCode, \x1b[01;35m\x1b[Kconst void* data\x1b[m\x1b[K, size_t size) {}\n'}
[48.692619] (sllidar_ros2) StderrLine: {'line': b'      |                                                 \x1b[01;35m\x1b[K~~~~~~~~~~~~^~~~\x1b[m\x1b[K\n'}
[48.692728] (sllidar_ros2) StderrLine: {'line': b'\n'}
[48.692828] (sllidar_ros2) StderrLine: {'line': b'\x1b[01m\x1b[K/home/pi5/capstone-group8/ros2_ws/src/sllidar_ros2/sdk/src/dataunpacker/dataunpacker.h:54:103:\x1b[m\x1b[K \x1b[01;35m\x1b[Kwarning: \x1b[m\x1b[Kunused parameter \xe2\x80\x98\x1b[01m\x1b[Ksize\x1b[m\x1b[K\xe2\x80\x99 [\x1b[01;35m\x1b[K\x1b]8;;https://gcc.gnu.org/onlinedocs/gcc/Warning-Options.html#index-Wunused-parameter\x07-Wunused-parameter\x1b]8;;\x07\x1b[m\x1b[K]\n'}
[48.692929] (sllidar_ros2) StderrLine: {'line': b'   54 | Decoded(_u8 ansType, _u32 customCode, const void* data, \x1b[01;35m\x1b[Ksize_t size\x1b[m\x1b[K) {}\n'}
[48.693037] (sllidar_ros2) StderrLine: {'line': b'      |                                                         \x1b[01;35m\x1b[K~~~~~~~^~~~\x1b[m\x1b[K\n'}
[48.693148] (sllidar_ros2) StderrLine: {'line': b'\n'}
[48.693271] (sllidar_ros2) StderrLine: {'line': b'\x1b[01m\x1b[K/home/pi5/capstone-group8/ros2_ws/src/sllidar_ros2/sdk/src/dataunpacker/dataunpacker.h:\x1b[m\x1b[K In member function \xe2\x80\x98\x1b[01m\x1b[Kvirtual void sl::internal::LIDARSampleDataListener::\x1b[01;32m\x1b[KonDecodingError\x1b[m\x1b[K(int, _u8, const void*, size_t)\x1b[m\x1b[K\xe2\x80\x99:\n'}
[48.693421] (sllidar_ros2) StderrLine: {'line': b'\x1b[01m\x1b[K/home/pi5/capstone-group8/ros2_ws/src/sllidar_ros2/sdk/src/dataunpacker/dataunpacker.h:56:42:\x1b[m\x1b[K \x1b[01;35m\x1b[Kwarning: \x1b[m\x1b[Kunused parameter \xe2\x80\x98\x1b[01m\x1b[KerrMsg\x1b[m\x1b[K\xe2\x80\x99 [\x1b[01;35m\x1b[K\x1b]8;;https://gcc.gnu.org/onlinedocs/gcc/Warning-Options.html#index-Wunused-parameter\x07-Wunused-parameter\x1b]8;;\x07\x1b[m\x1b[K]\n'}
[48.693541] (sllidar_ros2) StderrLine: {'line': b'   56 |         virtual void onDecodingError(\x1b[01;35m\x1b[Kint errMsg\x1b[m\x1b[K, _u8 ansType, const void* payload, size_t size) {}\n'}
[48.693645] (sllidar_ros2) StderrLine: {'line': b'      |                                      \x1b[01;35m\x1b[K~~~~^~~~~~\x1b[m\x1b[K\n'}
[48.693748] (sllidar_ros2) StderrLine: {'line': b'\x1b[01m\x1b[K/home/pi5/capstone-group8/ros2_ws/src/sllidar_ros2/sdk/src/dataunpacker/dataunpacker.h:56:54:\x1b[m\x1b[K \x1b[01;35m\x1b[Kwarning: \x1b[m\x1b[Kunused parameter \xe2\x80\x98\x1b[01m\x1b[KansType\x1b[m\x1b[K\xe2\x80\x99 [\x1b[01;35m\x1b[K\x1b]8;;https://gcc.gnu.org/onlinedocs/gcc/Warning-Options.html#index-Wunused-parameter\x07-Wunused-parameter\x1b]8;;\x07\x1b[m\x1b[K]\n'}
[48.693858] (sllidar_ros2) StderrLine: {'line': b'   56 |         virtual void onDecodingError(int errMsg, \x1b[01;35m\x1b[K_u8 ansType\x1b[m\x1b[K, const void* payload, size_t size) {}\n'}
[48.693958] (sllidar_ros2) StderrLine: {'line': b'      |                                                  \x1b[01;35m\x1b[K~~~~^~~~~~~\x1b[m\x1b[K\n'}
[48.694060] (sllidar_ros2) StderrLine: {'line': b'\x1b[01m\x1b[K/home/pi5/capstone-group8/ros2_ws/src/sllidar_ros2/sdk/src/dataunpacker/dataunpacker.h:56:75:\x1b[m\x1b[K \x1b[01;35m\x1b[Kwarning: \x1b[m\x1b[Kunused parameter \xe2\x80\x98\x1b[01m\x1b[Kpayload\x1b[m\x1b[K\xe2\x80\x99 [\x1b[01;35m\x1b[K\x1b]8;;https://gcc.gnu.org/onlinedocs/gcc/Warning-Options.html#index-Wunused-parameter\x07-Wunused-parameter\x1b]8;;\x07\x1b[m\x1b[K]\n'}
[48.694194] (sllidar_ros2) StderrLine: {'line': b'   56 | l void onDecodingError(int errMsg, _u8 ansType, \x1b[01;35m\x1b[Kconst void* payload\x1b[m\x1b[K, size_t size) {}\n'}
[48.698578] (sllidar_ros2) StderrLine: {'line': b'      |                                                 \x1b[01;35m\x1b[K~~~~~~~~~~~~^~~~~~~\x1b[m\x1b[K\n'}
[48.698765] (sllidar_ros2) StderrLine: {'line': b'\n'}
[48.698888] (sllidar_ros2) StderrLine: {'line': b'\x1b[01m\x1b[K/home/pi5/capstone-group8/ros2_ws/src/sllidar_ros2/sdk/src/dataunpacker/dataunpacker.h:56:91:\x1b[m\x1b[K \x1b[01;35m\x1b[Kwarning: \x1b[m\x1b[Kunused parameter \xe2\x80\x98\x1b[01m\x1b[Ksize\x1b[m\x1b[K\xe2\x80\x99 [\x1b[01;35m\x1b[K\x1b]8;;https://gcc.gnu.org/onlinedocs/gcc/Warning-Options.html#index-Wunused-parameter\x07-Wunused-parameter\x1b]8;;\x07\x1b[m\x1b[K]\n'}
[48.699018] (sllidar_ros2) StderrLine: {'line': b'   56 | dingError(int errMsg, _u8 ansType, const void* payload, \x1b[01;35m\x1b[Ksize_t size\x1b[m\x1b[K) {}\n'}
[48.699159] (sllidar_ros2) StderrLine: {'line': b'      |                                                         \x1b[01;35m\x1b[K~~~~~~~^~~~\x1b[m\x1b[K\n'}
[48.699294] (sllidar_ros2) StderrLine: {'line': b'\n'}
[48.733361] (-) TimerEvent: {}
[48.760428] (sllidar_ros2) StderrLine: {'line': b'In file included from \x1b[01m\x1b[K/home/pi5/capstone-group8/ros2_ws/src/sllidar_ros2/sdk/src/sl_lidar_driver.cpp:51\x1b[m\x1b[K:\n'}
[48.762221] (sllidar_ros2) StderrLine: {'line': b'\x1b[01m\x1b[K/home/pi5/capstone-group8/ros2_ws/src/sllidar_ros2/sdk/src/sl_async_transceiver.h:\x1b[m\x1b[K In member function \xe2\x80\x98\x1b[01m\x1b[Kvirtual void sl::internal::IAsyncProtocolCodec::\x1b[01;32m\x1b[KonChannelError\x1b[m\x1b[K(u_result)\x1b[m\x1b[K\xe2\x80\x99:\n'}
[48.762582] (sllidar_ros2) StderrLine: {'line': b'\x1b[01m\x1b[K/home/pi5/capstone-group8/ros2_ws/src/sllidar_ros2/sdk/src/sl_async_transceiver.h:90:48:\x1b[m\x1b[K \x1b[01;35m\x1b[Kwarning: \x1b[m\x1b[Kunused parameter \xe2\x80\x98\x1b[01m\x1b[KerrCode\x1b[m\x1b[K\xe2\x80\x99 [\x1b[01;35m\x1b[K\x1b]8;;https://gcc.gnu.org/onlinedocs/gcc/Warning-Options.html#index-Wunused-parameter\x07-Wunused-parameter\x1b]8;;\x07\x1b[m\x1b[K]\n'}
[48.762819] (sllidar_ros2) StderrLine: {'line': b'   90 |         virtual void   onChannelError(\x1b[01;35m\x1b[Ku_result errCode\x1b[m\x1b[K) {}\n'}
[48.763001] (sllidar_ros2) StderrLine: {'line': b'      |                                       \x1b[01;35m\x1b[K~~~~~~~~~^~~~~~~\x1b[m\x1b[K\n'}
[48.836379] (-) TimerEvent: {}
[48.928507] (sllidar_ros2) StderrLine: {'line': b'\x1b[01m\x1b[K/home/pi5/capstone-group8/ros2_ws/src/sllidar_ros2/sdk/src/sl_lidar_driver.cpp:\x1b[m\x1b[K In member function \xe2\x80\x98\x1b[01m\x1b[Kvirtual sl_result sl::SlamtecLidarDriver::\x1b[01;32m\x1b[Kreset\x1b[m\x1b[K(sl_u32)\x1b[m\x1b[K\xe2\x80\x99:\n'}
[48.928878] (sllidar_ros2) StderrLine: {'line': b'\x1b[01m\x1b[K/home/pi5/capstone-group8/ros2_ws/src/sllidar_ros2/sdk/src/sl_lidar_driver.cpp:511:32:\x1b[m\x1b[K \x1b[01;35m\x1b[Kwarning: \x1b[m\x1b[Kunused parameter \xe2\x80\x98\x1b[01m\x1b[KtimeoutInMs\x1b[m\x1b[K\xe2\x80\x99 [\x1b[01;35m\x1b[K\x1b]8;;https://gcc.gnu.org/onlinedocs/gcc/Warning-Options.html#index-Wunused-parameter\x07-Wunused-parameter\x1b]8;;\x07\x1b[m\x1b[K]\n'}
[48.929052] (sllidar_ros2) StderrLine: {'line': b'  511 |         sl_result reset(\x1b[01;35m\x1b[Ksl_u32 timeoutInMs = DEFAULT_TIMEOUT\x1b[m\x1b[K)\n'}
[48.929203] (sllidar_ros2) StderrLine: {'line': b'      |                         \x1b[01;35m\x1b[K~~~~~~~^~~~~~~~~~~~~~~~~~~~~~~~~~~~~\x1b[m\x1b[K\n'}
[48.936508] (-) TimerEvent: {}
[48.944575] (sllidar_ros2) StderrLine: {'line': b'\x1b[01m\x1b[K/home/pi5/capstone-group8/ros2_ws/src/sllidar_ros2/sdk/src/sl_lidar_driver.cpp:\x1b[m\x1b[K In member function \xe2\x80\x98\x1b[01m\x1b[Kvirtual sl_result sl::SlamtecLidarDriver::\x1b[01;32m\x1b[KstartScan\x1b[m\x1b[K(bool, bool, sl_u32, sl::LidarScanMode*)\x1b[m\x1b[K\xe2\x80\x99:\n'}
[48.944946] (sllidar_ros2) StderrLine: {'line': b'\x1b[01m\x1b[K/home/pi5/capstone-group8/ros2_ws/src/sllidar_ros2/sdk/src/sl_lidar_driver.cpp:586:69:\x1b[m\x1b[K \x1b[01;35m\x1b[Kwarning: \x1b[m\x1b[Kunused parameter \xe2\x80\x98\x1b[01m\x1b[Koptions\x1b[m\x1b[K\xe2\x80\x99 [\x1b[01;35m\x1b[K\x1b]8;;https://gcc.gnu.org/onlinedocs/gcc/Warning-Options.html#index-Wunused-parameter\x07-Wunused-parameter\x1b]8;;\x07\x1b[m\x1b[K]\n'}
[48.945484] (sllidar_ros2) StderrLine: {'line': b'  586 | sl_result startScan(bool force, bool useTypicalScan, \x1b[01;35m\x1b[Ksl_u32 options = 0\x1b[m\x1b[K, LidarScanMode* outUsedScanMode = nullptr)\n'}
[48.946020] (sllidar_ros2) StderrLine: {'line': b'      |                                                      \x1b[01;35m\x1b[K~~~~~~~^~~~~~~~~~~\x1b[m\x1b[K\n'}
[48.946397] (sllidar_ros2) StderrLine: {'line': b'\n'}
[48.966142] (sllidar_ros2) StderrLine: {'line': b'\x1b[01m\x1b[K/home/pi5/capstone-group8/ros2_ws/src/sllidar_ros2/sdk/src/sl_lidar_driver.cpp:\x1b[m\x1b[K In member function \xe2\x80\x98\x1b[01m\x1b[Kvirtual sl_result sl::SlamtecLidarDriver::\x1b[01;32m\x1b[Kstop\x1b[m\x1b[K(sl_u32)\x1b[m\x1b[K\xe2\x80\x99:\n'}
[48.966578] (sllidar_ros2) StderrLine: {'line': b'\x1b[01m\x1b[K/home/pi5/capstone-group8/ros2_ws/src/sllidar_ros2/sdk/src/sl_lidar_driver.cpp:763:31:\x1b[m\x1b[K \x1b[01;35m\x1b[Kwarning: \x1b[m\x1b[Kunused parameter \xe2\x80\x98\x1b[01m\x1b[Ktimeout\x1b[m\x1b[K\xe2\x80\x99 [\x1b[01;35m\x1b[K\x1b]8;;https://gcc.gnu.org/onlinedocs/gcc/Warning-Options.html#index-Wunused-parameter\x07-Wunused-parameter\x1b]8;;\x07\x1b[m\x1b[K]\n'}
[48.966783] (sllidar_ros2) StderrLine: {'line': b'  763 |         sl_result stop(\x1b[01;35m\x1b[Ksl_u32 timeout = DEFAULT_TIMEOUT\x1b[m\x1b[K)\n'}
[48.966944] (sllidar_ros2) StderrLine: {'line': b'      |                        \x1b[01;35m\x1b[K~~~~~~~^~~~~~~~~~~~~~~~~~~~~~~~~\x1b[m\x1b[K\n'}
[48.995022] (sllidar_ros2) StderrLine: {'line': b'\x1b[01m\x1b[K/home/pi5/capstone-group8/ros2_ws/src/sllidar_ros2/sdk/src/sl_lidar_driver.cpp:\x1b[m\x1b[K In member function \xe2\x80\x98\x1b[01m\x1b[Kvirtual sl_result sl::SlamtecLidarDriver::\x1b[01;32m\x1b[KgetFrequency\x1b[m\x1b[K(const sl::LidarScanMode&, const sl_lidar_response_measurement_node_hq_t*, size_t, float&)\x1b[m\x1b[K\xe2\x80\x99:\n'}
[48.995379] (sllidar_ros2) StderrLine: {'line': b'\x1b[01m\x1b[K/home/pi5/capstone-group8/ros2_ws/src/sllidar_ros2/sdk/src/sl_lidar_driver.cpp:880:110:\x1b[m\x1b[K \x1b[01;35m\x1b[Kwarning: \x1b[m\x1b[Kunused parameter \xe2\x80\x98\x1b[01m\x1b[Knodes\x1b[m\x1b[K\xe2\x80\x99 [\x1b[01;35m\x1b[K\x1b]8;;https://gcc.gnu.org/onlinedocs/gcc/Warning-Options.html#index-Wunused-parameter\x07-Wunused-parameter\x1b]8;;\x07\x1b[m\x1b[K]\n'}
[48.995526] (sllidar_ros2) StderrLine: {'line': b'  880 | e& scanMode, \x1b[01;35m\x1b[Kconst sl_lidar_response_measurement_node_hq_t* nodes\x1b[m\x1b[K, size_t count, float& frequency)\n'}
[48.995639] (sllidar_ros2) StderrLine: {'line': b'      |              \x1b[01;35m\x1b[K~~~~~~~~~~~~~~~~~~~~~~~~~~~~~~~~~~~~~~~~~~~~~~~^~~~~\x1b[m\x1b[K\n'}
[48.995749] (sllidar_ros2) StderrLine: {'line': b'\n'}
[49.011799] (sllidar_ros2) StderrLine: {'line': b'\x1b[01m\x1b[K/home/pi5/capstone-group8/ros2_ws/src/sllidar_ros2/sdk/src/sl_lidar_driver.cpp:\x1b[m\x1b[K In member function \xe2\x80\x98\x1b[01m\x1b[Kvirtual sl_result sl::SlamtecLidarDriver::\x1b[01;32m\x1b[KgetMotorInfo\x1b[m\x1b[K(sl::LidarMotorInfo&, sl_u32)\x1b[m\x1b[K\xe2\x80\x99:\n'}
[49.012231] (sllidar_ros2) StderrLine: {'line': b'\x1b[01m\x1b[K/home/pi5/capstone-group8/ros2_ws/src/sllidar_ros2/sdk/src/sl_lidar_driver.cpp:1023:66:\x1b[m\x1b[K \x1b[01;35m\x1b[Kwarning: \x1b[m\x1b[Kunused parameter \xe2\x80\x98\x1b[01m\x1b[KtimeoutInMs\x1b[m\x1b[K\xe2\x80\x99 [\x1b[01;35m\x1b[K\x1b]8;;https://gcc.gnu.org/onlinedocs/gcc/Warning-Options.html#index-Wunused-parameter\x07-Wunused-parameter\x1b]8;;\x07\x1b[m\x1b[K]\n'}
[49.012490] (sllidar_ros2) StderrLine: {'line': b' 1023 |    sl_result getMotorInfo(LidarMotorInfo &motorInfo, \x1b[01;35m\x1b[Ksl_u32 timeoutInMs\x1b[m\x1b[K)\n'}
[49.012811] (sllidar_ros2) StderrLine: {'line': b'      |                                                      \x1b[01;35m\x1b[K~~~~~~~^~~~~~~~~~~\x1b[m\x1b[K\n'}
[49.013100] (sllidar_ros2) StderrLine: {'line': b'\n'}
[49.024363] (sllidar_ros2) StderrLine: {'line': b'\x1b[01m\x1b[K/home/pi5/capstone-group8/ros2_ws/src/sllidar_ros2/sdk/src/sl_lidar_driver.cpp:\x1b[m\x1b[K In member function \xe2\x80\x98\x1b[01m\x1b[Ku_result sl::SlamtecLidarDriver::\x1b[01;32m\x1b[KgetScanModeCount\x1b[m\x1b[K(sl_u16&, sl_u32)\x1b[m\x1b[K\xe2\x80\x99:\n'}
[49.024779] (sllidar_ros2) StderrLine: {'line': b'\x1b[01m\x1b[K/home/pi5/capstone-group8/ros2_ws/src/sllidar_ros2/sdk/src/sl_lidar_driver.cpp:1199:61:\x1b[m\x1b[K \x1b[01;35m\x1b[Kwarning: \x1b[m\x1b[Kunused parameter \xe2\x80\x98\x1b[01m\x1b[KtimeoutInMs\x1b[m\x1b[K\xe2\x80\x99 [\x1b[01;35m\x1b[K\x1b]8;;https://gcc.gnu.org/onlinedocs/gcc/Warning-Options.html#index-Wunused-parameter\x07-Wunused-parameter\x1b]8;;\x07\x1b[m\x1b[K]\n'}
[49.025054] (sllidar_ros2) StderrLine: {'line': b' 1199 |         u_result getScanModeCount(sl_u16& modeCount, \x1b[01;35m\x1b[Ksl_u32 timeoutInMs = DEFAULT_TIMEOUT\x1b[m\x1b[K)\n'}
[49.025245] (sllidar_ros2) StderrLine: {'line': b'      |                                                      \x1b[01;35m\x1b[K~~~~~~~^~~~~~~~~~~~~~~~~~~~~~~~~~~~~\x1b[m\x1b[K\n'}
[49.042360] (-) TimerEvent: {}
[49.142840] (-) TimerEvent: {}
[49.249685] (-) TimerEvent: {}
[49.265090] (sllidar_ros2) StderrLine: {'line': b'/home/pi5/capstone-group8/ros2_ws/src/sllidar_ros2/sdk/src/sl_lidar_driver.cpp: In instantiation of \xe2\x80\x98\x1b[01m\x1b[Kvoid sl::RawSampleNodeHolder<T>::\x1b[01;32m\x1b[KpushNode\x1b[m\x1b[K(_u64, const T*) \x1b[35m\x1b[K[with T = sl_lidar_response_measurement_node_hq_t; _u64 = long unsigned int]\x1b[m\x1b[K\x1b[m\x1b[K\xe2\x80\x99:\n'}
[49.265448] (sllidar_ros2) StderrLine: {'line': b'\x1b[01m\x1b[K/home/pi5/capstone-group8/ros2_ws/src/sllidar_ros2/sdk/src/sl_lidar_driver.cpp:1648:42:\x1b[m\x1b[K   required from here\n'}
[49.265581] (sllidar_ros2) StderrLine: {'line': b'\x1b[01m\x1b[K/home/pi5/capstone-group8/ros2_ws/src/sllidar_ros2/sdk/src/sl_lidar_driver.cpp:202:28:\x1b[m\x1b[K \x1b[01;35m\x1b[Kwarning: \x1b[m\x1b[Kunused parameter \xe2\x80\x98\x1b[01m\x1b[Ktimestamp_uS\x1b[m\x1b[K\xe2\x80\x99 [\x1b[01;35m\x1b[K\x1b]8;;https://gcc.gnu.org/onlinedocs/gcc/Warning-Options.html#index-Wunused-parameter\x07-Wunused-parameter\x1b]8;;\x07\x1b[m\x1b[K]\n'}
[49.265698] (sllidar_ros2) StderrLine: {'line': b'  202 |         void pushNode(\x1b[01;35m\x1b[K_u64 timestamp_uS\x1b[m\x1b[K, const T* node)\n'}
[49.265795] (sllidar_ros2) StderrLine: {'line': b'      |                       \x1b[01;35m\x1b[K~~~~~^~~~~~~~~~~~\x1b[m\x1b[K\n'}
[49.307380] (sllidar_ros2) StdoutLine: {'line': b'[ 70%] Built target sllidar_client\n'}
[49.350387] (-) TimerEvent: {}
[49.450900] (-) TimerEvent: {}
[49.551366] (-) TimerEvent: {}
[49.651753] (sllidar_ros2) StderrLine: {'line': b'\x1b[01m\x1b[K/home/pi5/capstone-group8/ros2_ws/src/sllidar_ros2/sdk/src/sl_lidar_driver.cpp:\x1b[m\x1b[K At global scope:\n'}
[49.652068] (-) TimerEvent: {}
[49.656047] (sllidar_ros2) StderrLine: {'line': b'\x1b[01m\x1b[K/home/pi5/capstone-group8/ros2_ws/src/sllidar_ros2/sdk/src/sl_lidar_driver.cpp:83:17:\x1b[m\x1b[K \x1b[01;35m\x1b[Kwarning: \x1b[m\x1b[K\xe2\x80\x98\x1b[01m\x1b[Kvoid sl::\x1b[01;32m\x1b[Kconvert\x1b[m\x1b[K(const sl_lidar_response_measurement_node_hq_t&, sl_lidar_response_measurement_node_t&)\x1b[m\x1b[K\xe2\x80\x99 defined but not used [\x1b[01;35m\x1b[K\x1b]8;;https://gcc.gnu.org/onlinedocs/gcc/Warning-Options.html#index-Wunused-function\x07-Wunused-function\x1b]8;;\x07\x1b[m\x1b[K]\n'}
[49.656562] (sllidar_ros2) StderrLine: {'line': b'   83 |     static void \x1b[01;35m\x1b[Kconvert\x1b[m\x1b[K(const sl_lidar_response_measurement_node_hq_t& from, sl_lidar_response_measurement_node_t& to)\n'}
[49.662923] (sllidar_ros2) StderrLine: {'line': b'      |                 \x1b[01;35m\x1b[K^~~~~~~\x1b[m\x1b[K\n'}
[49.667282] (sllidar_ros2) StderrLine: {'line': b'\x1b[01m\x1b[K/home/pi5/capstone-group8/ros2_ws/src/sllidar_ros2/sdk/src/sl_lidar_driver.cpp:75:17:\x1b[m\x1b[K \x1b[01;35m\x1b[Kwarning: \x1b[m\x1b[K\xe2\x80\x98\x1b[01m\x1b[Kvoid sl::\x1b[01;32m\x1b[Kconvert\x1b[m\x1b[K(const sl_lidar_response_measurement_node_t&, sl_lidar_response_measurement_node_hq_t&)\x1b[m\x1b[K\xe2\x80\x99 defined but not used [\x1b[01;35m\x1b[K\x1b]8;;https://gcc.gnu.org/onlinedocs/gcc/Warning-Options.html#index-Wunused-function\x07-Wunused-function\x1b]8;;\x07\x1b[m\x1b[K]\n'}
[49.669489] (sllidar_ros2) StderrLine: {'line': b'   75 |     static void \x1b[01;35m\x1b[Kconvert\x1b[m\x1b[K(const sl_lidar_response_measurement_node_t& from, sl_lidar_response_measurement_node_hq_t& to)\n'}
[49.669791] (sllidar_ros2) StderrLine: {'line': b'      |                 \x1b[01;35m\x1b[K^~~~~~~\x1b[m\x1b[K\n'}
[49.669913] (sllidar_ros2) StderrLine: {'line': b'\x1b[01m\x1b[K/home/pi5/capstone-group8/ros2_ws/src/sllidar_ros2/sdk/src/sl_lidar_driver.cpp:70:17:\x1b[m\x1b[K \x1b[01;35m\x1b[Kwarning: \x1b[m\x1b[K\xe2\x80\x98\x1b[01m\x1b[Kvoid sl::\x1b[01;32m\x1b[KprintDeprecationWarn\x1b[m\x1b[K(const char*, const char*)\x1b[m\x1b[K\xe2\x80\x99 defined but not used [\x1b[01;35m\x1b[K\x1b]8;;https://gcc.gnu.org/onlinedocs/gcc/Warning-Options.html#index-Wunused-function\x07-Wunused-function\x1b]8;;\x07\x1b[m\x1b[K]\n'}
[49.670030] (sllidar_ros2) StderrLine: {'line': b'   70 |     static void \x1b[01;35m\x1b[KprintDeprecationWarn\x1b[m\x1b[K(const char* fn, const char* replacement)\n'}
[49.670143] (sllidar_ros2) StderrLine: {'line': b'      |                 \x1b[01;35m\x1b[K^~~~~~~~~~~~~~~~~~~~\x1b[m\x1b[K\n'}
[49.753394] (-) TimerEvent: {}
[49.853945] (-) TimerEvent: {}
[49.954444] (-) TimerEvent: {}
[50.064430] (-) TimerEvent: {}
[50.164883] (-) TimerEvent: {}
[50.266574] (-) TimerEvent: {}
[50.367043] (-) TimerEvent: {}
[50.475369] (-) TimerEvent: {}
[50.575945] (-) TimerEvent: {}
[50.677083] (-) TimerEvent: {}
[50.778886] (sllidar_ros2) StdoutLine: {'line': b'[ 75%] \x1b[32mBuilding CXX object CMakeFiles/sllidar_node.dir/sdk/src/sl_serial_channel.cpp.o\x1b[0m\n'}
[50.779206] (-) TimerEvent: {}
[50.879590] (-) TimerEvent: {}
[50.982864] (-) TimerEvent: {}
[51.083358] (-) TimerEvent: {}
[51.189802] (-) TimerEvent: {}
[51.291583] (-) TimerEvent: {}
[51.355138] (sllidar_ros2) StderrLine: {'line': b'In file included from \x1b[01m\x1b[K/home/pi5/capstone-group8/ros2_ws/src/sllidar_ros2/./sdk/include/sl_lidar_cmd.h:41\x1b[m\x1b[K,\n'}
[51.355663] (sllidar_ros2) StderrLine: {'line': b'                 from \x1b[01m\x1b[K/home/pi5/capstone-group8/ros2_ws/src/sllidar_ros2/./sdk/include/sl_lidar_driver.h:54\x1b[m\x1b[K,\n'}
[51.355990] (sllidar_ros2) StderrLine: {'line': b'                 from \x1b[01m\x1b[K/home/pi5/capstone-group8/ros2_ws/src/sllidar_ros2/sdk/src/sl_serial_channel.cpp:33\x1b[m\x1b[K:\n'}
[51.356310] (sllidar_ros2) StderrLine: {'line': b'\x1b[01m\x1b[K/home/pi5/capstone-group8/ros2_ws/src/sllidar_ros2/./sdk/include/sl_lidar_protocol.h:66:16:\x1b[m\x1b[K \x1b[01;35m\x1b[Kwarning: \x1b[m\x1b[KISO C++ forbids zero-size array \xe2\x80\x98\x1b[01m\x1b[Kdata\x1b[m\x1b[K\xe2\x80\x99 [\x1b[01;35m\x1b[K\x1b]8;;https://gcc.gnu.org/onlinedocs/gcc/Warning-Options.html#index-Wpedantic\x07-Wpedantic\x1b]8;;\x07\x1b[m\x1b[K]\n'}
[51.356628] (sllidar_ros2) StderrLine: {'line': b'   66 |     sl_u8 data[\x1b[01;35m\x1b[K0\x1b[m\x1b[K];\n'}
[51.356888] (sllidar_ros2) StderrLine: {'line': b'      |                \x1b[01;35m\x1b[K^\x1b[m\x1b[K\n'}
[51.359364] (sllidar_ros2) StderrLine: {'line': b'\x1b[01m\x1b[K/home/pi5/capstone-group8/ros2_ws/src/sllidar_ros2/./sdk/include/sl_lidar_cmd.h:324:20:\x1b[m\x1b[K \x1b[01;35m\x1b[Kwarning: \x1b[m\x1b[KISO C++ forbids zero-size array \xe2\x80\x98\x1b[01m\x1b[Kpayload\x1b[m\x1b[K\xe2\x80\x99 [\x1b[01;35m\x1b[K\x1b]8;;https://gcc.gnu.org/onlinedocs/gcc/Warning-Options.html#index-Wpedantic\x07-Wpedantic\x1b]8;;\x07\x1b[m\x1b[K]\n'}
[51.359904] (sllidar_ros2) StderrLine: {'line': b'  324 |     sl_u8  payload[\x1b[01;35m\x1b[K0\x1b[m\x1b[K];\n'}
[51.360110] (sllidar_ros2) StderrLine: {'line': b'      |                    \x1b[01;35m\x1b[K^\x1b[m\x1b[K\n'}
[51.391732] (-) TimerEvent: {}
[51.494592] (-) TimerEvent: {}
[51.503210] (sllidar_ros2) StdoutLine: {'line': b'[ 80%] \x1b[32mBuilding CXX object CMakeFiles/sllidar_node.dir/sdk/src/sl_tcp_channel.cpp.o\x1b[0m\n'}
[51.595409] (-) TimerEvent: {}
[51.695867] (-) TimerEvent: {}
[51.797662] (-) TimerEvent: {}
[51.898137] (-) TimerEvent: {}
[52.000579] (-) TimerEvent: {}
[52.101142] (-) TimerEvent: {}
[52.131086] (sllidar_ros2) StderrLine: {'line': b'In file included from \x1b[01m\x1b[K/home/pi5/capstone-group8/ros2_ws/src/sllidar_ros2/./sdk/include/sl_lidar_cmd.h:41\x1b[m\x1b[K,\n'}
[52.131388] (sllidar_ros2) StderrLine: {'line': b'                 from \x1b[01m\x1b[K/home/pi5/capstone-group8/ros2_ws/src/sllidar_ros2/./sdk/include/sl_lidar_driver.h:54\x1b[m\x1b[K,\n'}
[52.131507] (sllidar_ros2) StderrLine: {'line': b'                 from \x1b[01m\x1b[K/home/pi5/capstone-group8/ros2_ws/src/sllidar_ros2/sdk/src/sl_tcp_channel.cpp:33\x1b[m\x1b[K:\n'}
[52.131635] (sllidar_ros2) StderrLine: {'line': b'\x1b[01m\x1b[K/home/pi5/capstone-group8/ros2_ws/src/sllidar_ros2/./sdk/include/sl_lidar_protocol.h:66:16:\x1b[m\x1b[K \x1b[01;35m\x1b[Kwarning: \x1b[m\x1b[KISO C++ forbids zero-size array \xe2\x80\x98\x1b[01m\x1b[Kdata\x1b[m\x1b[K\xe2\x80\x99 [\x1b[01;35m\x1b[K\x1b]8;;https://gcc.gnu.org/onlinedocs/gcc/Warning-Options.html#index-Wpedantic\x07-Wpedantic\x1b]8;;\x07\x1b[m\x1b[K]\n'}
[52.131759] (sllidar_ros2) StderrLine: {'line': b'   66 |     sl_u8 data[\x1b[01;35m\x1b[K0\x1b[m\x1b[K];\n'}
[52.131850] (sllidar_ros2) StderrLine: {'line': b'      |                \x1b[01;35m\x1b[K^\x1b[m\x1b[K\n'}
[52.132036] (sllidar_ros2) StderrLine: {'line': b'\x1b[01m\x1b[K/home/pi5/capstone-group8/ros2_ws/src/sllidar_ros2/./sdk/include/sl_lidar_cmd.h:324:20:\x1b[m\x1b[K \x1b[01;35m\x1b[Kwarning: \x1b[m\x1b[KISO C++ forbids zero-size array \xe2\x80\x98\x1b[01m\x1b[Kpayload\x1b[m\x1b[K\xe2\x80\x99 [\x1b[01;35m\x1b[K\x1b]8;;https://gcc.gnu.org/onlinedocs/gcc/Warning-Options.html#index-Wpedantic\x07-Wpedantic\x1b]8;;\x07\x1b[m\x1b[K]\n'}
[52.132180] (sllidar_ros2) StderrLine: {'line': b'  324 |     sl_u8  payload[\x1b[01;35m\x1b[K0\x1b[m\x1b[K];\n'}
[52.132328] (sllidar_ros2) StderrLine: {'line': b'      |                    \x1b[01;35m\x1b[K^\x1b[m\x1b[K\n'}
[52.140464] (sllidar_ros2) StderrLine: {'line': b'\x1b[01m\x1b[K/home/pi5/capstone-group8/ros2_ws/src/sllidar_ros2/sdk/src/sl_tcp_channel.cpp:\x1b[m\x1b[K In member function \xe2\x80\x98\x1b[01m\x1b[Kvoid sl::TcpChannel::\x1b[01;32m\x1b[KsetStatus\x1b[m\x1b[K(_u32)\x1b[m\x1b[K\xe2\x80\x99:\n'}
[52.140791] (sllidar_ros2) StderrLine: {'line': b'\x1b[01m\x1b[K/home/pi5/capstone-group8/ros2_ws/src/sllidar_ros2/sdk/src/sl_tcp_channel.cpp:109:29:\x1b[m\x1b[K \x1b[01;35m\x1b[Kwarning: \x1b[m\x1b[Kunused parameter \xe2\x80\x98\x1b[01m\x1b[Kflag\x1b[m\x1b[K\xe2\x80\x99 [\x1b[01;35m\x1b[K\x1b]8;;https://gcc.gnu.org/onlinedocs/gcc/Warning-Options.html#index-Wunused-parameter\x07-Wunused-parameter\x1b]8;;\x07\x1b[m\x1b[K]\n'}
[52.140953] (sllidar_ros2) StderrLine: {'line': b'  109 |         void setStatus(\x1b[01;35m\x1b[K_u32 flag\x1b[m\x1b[K){}\n'}
[52.141084] (sllidar_ros2) StderrLine: {'line': b'      |                        \x1b[01;35m\x1b[K~~~~~^~~~\x1b[m\x1b[K\n'}
[52.201273] (-) TimerEvent: {}
[52.301725] (-) TimerEvent: {}
[52.324545] (sllidar_ros2) StdoutLine: {'line': b'[ 85%] \x1b[32mBuilding CXX object CMakeFiles/sllidar_node.dir/sdk/src/sl_udp_channel.cpp.o\x1b[0m\n'}
[52.404368] (-) TimerEvent: {}
[52.505051] (-) TimerEvent: {}
[52.606823] (-) TimerEvent: {}
[52.707325] (-) TimerEvent: {}
[52.808907] (-) TimerEvent: {}
[52.850948] (sllidar_ros2) StderrLine: {'line': b'In file included from \x1b[01m\x1b[K/home/pi5/capstone-group8/ros2_ws/src/sllidar_ros2/./sdk/include/sl_lidar_cmd.h:41\x1b[m\x1b[K,\n'}
[52.853855] (sllidar_ros2) StderrLine: {'line': b'                 from \x1b[01m\x1b[K/home/pi5/capstone-group8/ros2_ws/src/sllidar_ros2/./sdk/include/sl_lidar_driver.h:54\x1b[m\x1b[K,\n'}
[52.854161] (sllidar_ros2) StderrLine: {'line': b'                 from \x1b[01m\x1b[K/home/pi5/capstone-group8/ros2_ws/src/sllidar_ros2/sdk/src/sl_udp_channel.cpp:33\x1b[m\x1b[K:\n'}
[52.854296] (sllidar_ros2) StderrLine: {'line': b'\x1b[01m\x1b[K/home/pi5/capstone-group8/ros2_ws/src/sllidar_ros2/./sdk/include/sl_lidar_protocol.h:66:16:\x1b[m\x1b[K \x1b[01;35m\x1b[Kwarning: \x1b[m\x1b[KISO C++ forbids zero-size array \xe2\x80\x98\x1b[01m\x1b[Kdata\x1b[m\x1b[K\xe2\x80\x99 [\x1b[01;35m\x1b[K\x1b]8;;https://gcc.gnu.org/onlinedocs/gcc/Warning-Options.html#index-Wpedantic\x07-Wpedantic\x1b]8;;\x07\x1b[m\x1b[K]\n'}
[52.854406] (sllidar_ros2) StderrLine: {'line': b'   66 |     sl_u8 data[\x1b[01;35m\x1b[K0\x1b[m\x1b[K];\n'}
[52.854486] (sllidar_ros2) StderrLine: {'line': b'      |                \x1b[01;35m\x1b[K^\x1b[m\x1b[K\n'}
[52.856346] (sllidar_ros2) StderrLine: {'line': b'\x1b[01m\x1b[K/home/pi5/capstone-group8/ros2_ws/src/sllidar_ros2/./sdk/include/sl_lidar_cmd.h:324:20:\x1b[m\x1b[K \x1b[01;35m\x1b[Kwarning: \x1b[m\x1b[KISO C++ forbids zero-size array \xe2\x80\x98\x1b[01m\x1b[Kpayload\x1b[m\x1b[K\xe2\x80\x99 [\x1b[01;35m\x1b[K\x1b]8;;https://gcc.gnu.org/onlinedocs/gcc/Warning-Options.html#index-Wpedantic\x07-Wpedantic\x1b]8;;\x07\x1b[m\x1b[K]\n'}
[52.856648] (sllidar_ros2) StderrLine: {'line': b'  324 |     sl_u8  payload[\x1b[01;35m\x1b[K0\x1b[m\x1b[K];\n'}
[52.856755] (sllidar_ros2) StderrLine: {'line': b'      |                    \x1b[01;35m\x1b[K^\x1b[m\x1b[K\n'}
[52.862457] (sllidar_ros2) StderrLine: {'line': b'\x1b[01m\x1b[K/home/pi5/capstone-group8/ros2_ws/src/sllidar_ros2/sdk/src/sl_udp_channel.cpp:\x1b[m\x1b[K In member function \xe2\x80\x98\x1b[01m\x1b[Kvoid sl::UdpChannel::\x1b[01;32m\x1b[KsetStatus\x1b[m\x1b[K(_u32)\x1b[m\x1b[K\xe2\x80\x99:\n'}
[52.862893] (sllidar_ros2) StderrLine: {'line': b'\x1b[01m\x1b[K/home/pi5/capstone-group8/ros2_ws/src/sllidar_ros2/sdk/src/sl_udp_channel.cpp:112:29:\x1b[m\x1b[K \x1b[01;35m\x1b[Kwarning: \x1b[m\x1b[Kunused parameter \xe2\x80\x98\x1b[01m\x1b[Kflag\x1b[m\x1b[K\xe2\x80\x99 [\x1b[01;35m\x1b[K\x1b]8;;https://gcc.gnu.org/onlinedocs/gcc/Warning-Options.html#index-Wunused-parameter\x07-Wunused-parameter\x1b]8;;\x07\x1b[m\x1b[K]\n'}
[52.863125] (sllidar_ros2) StderrLine: {'line': b'  112 |         void setStatus(\x1b[01;35m\x1b[K_u32 flag\x1b[m\x1b[K){}\n'}
[52.863381] (sllidar_ros2) StderrLine: {'line': b'      |                        \x1b[01;35m\x1b[K~~~~~^~~~\x1b[m\x1b[K\n'}
[52.909050] (-) TimerEvent: {}
[53.008447] (sllidar_ros2) StdoutLine: {'line': b'[ 90%] \x1b[32mBuilding CXX object CMakeFiles/sllidar_node.dir/sdk/src/sl_lidarprotocol_codec.cpp.o\x1b[0m\n'}
[53.009142] (-) TimerEvent: {}
[53.109550] (-) TimerEvent: {}
[53.211055] (-) TimerEvent: {}
[53.311556] (-) TimerEvent: {}
[53.414816] (-) TimerEvent: {}
[53.515241] (-) TimerEvent: {}
[53.618583] (-) TimerEvent: {}
[53.719186] (-) TimerEvent: {}
[53.819656] (-) TimerEvent: {}
[53.923600] (-) TimerEvent: {}
[54.024010] (-) TimerEvent: {}
[54.124511] (-) TimerEvent: {}
[54.226187] (-) TimerEvent: {}
[54.262489] (sllidar_ros2) StderrLine: {'line': b'In file included from \x1b[01m\x1b[K/home/pi5/capstone-group8/ros2_ws/src/sllidar_ros2/./sdk/include/rplidar_protocol.h:36\x1b[m\x1b[K,\n'}
[54.265503] (sllidar_ros2) StderrLine: {'line': b'                 from \x1b[01m\x1b[K/home/pi5/capstone-group8/ros2_ws/src/sllidar_ros2/./sdk/include/rplidar.h:39\x1b[m\x1b[K,\n'}
[54.265809] (sllidar_ros2) StderrLine: {'line': b'                 from \x1b[01m\x1b[K/home/pi5/capstone-group8/ros2_ws/src/sllidar_ros2/sdk/src/sdkcommon.h:49\x1b[m\x1b[K,\n'}
[54.265948] (sllidar_ros2) StderrLine: {'line': b'                 from \x1b[01m\x1b[K/home/pi5/capstone-group8/ros2_ws/src/sllidar_ros2/sdk/src/sl_lidarprotocol_codec.cpp:35\x1b[m\x1b[K:\n'}
[54.266064] (sllidar_ros2) StderrLine: {'line': b'\x1b[01m\x1b[K/home/pi5/capstone-group8/ros2_ws/src/sllidar_ros2/./sdk/include/sl_lidar_protocol.h:66:16:\x1b[m\x1b[K \x1b[01;35m\x1b[Kwarning: \x1b[m\x1b[KISO C++ forbids zero-size array \xe2\x80\x98\x1b[01m\x1b[Kdata\x1b[m\x1b[K\xe2\x80\x99 [\x1b[01;35m\x1b[K\x1b]8;;https://gcc.gnu.org/onlinedocs/gcc/Warning-Options.html#index-Wpedantic\x07-Wpedantic\x1b]8;;\x07\x1b[m\x1b[K]\n'}
[54.266222] (sllidar_ros2) StderrLine: {'line': b'   66 |     sl_u8 data[\x1b[01;35m\x1b[K0\x1b[m\x1b[K];\n'}
[54.266381] (sllidar_ros2) StderrLine: {'line': b'      |                \x1b[01;35m\x1b[K^\x1b[m\x1b[K\n'}
[54.278456] (sllidar_ros2) StderrLine: {'line': b'In file included from \x1b[01m\x1b[K/home/pi5/capstone-group8/ros2_ws/src/sllidar_ros2/./sdk/include/rplidar_cmd.h:36\x1b[m\x1b[K,\n'}
[54.278744] (sllidar_ros2) StderrLine: {'line': b'                 from \x1b[01m\x1b[K/home/pi5/capstone-group8/ros2_ws/src/sllidar_ros2/./sdk/include/rplidar.h:40\x1b[m\x1b[K:\n'}
[54.278867] (sllidar_ros2) StderrLine: {'line': b'\x1b[01m\x1b[K/home/pi5/capstone-group8/ros2_ws/src/sllidar_ros2/./sdk/include/sl_lidar_cmd.h:324:20:\x1b[m\x1b[K \x1b[01;35m\x1b[Kwarning: \x1b[m\x1b[KISO C++ forbids zero-size array \xe2\x80\x98\x1b[01m\x1b[Kpayload\x1b[m\x1b[K\xe2\x80\x99 [\x1b[01;35m\x1b[K\x1b]8;;https://gcc.gnu.org/onlinedocs/gcc/Warning-Options.html#index-Wpedantic\x07-Wpedantic\x1b]8;;\x07\x1b[m\x1b[K]\n'}
[54.278979] (sllidar_ros2) StderrLine: {'line': b'  324 |     sl_u8  payload[\x1b[01;35m\x1b[K0\x1b[m\x1b[K];\n'}
[54.279073] (sllidar_ros2) StderrLine: {'line': b'      |                    \x1b[01;35m\x1b[K^\x1b[m\x1b[K\n'}
[54.329355] (-) TimerEvent: {}
[54.429821] (-) TimerEvent: {}
[54.530231] (-) TimerEvent: {}
[54.592822] (sllidar_ros2) StderrLine: {'line': b'In file included from \x1b[01m\x1b[K/home/pi5/capstone-group8/ros2_ws/src/sllidar_ros2/sdk/src/sl_lidarprotocol_codec.cpp:49\x1b[m\x1b[K:\n'}
[54.593090] (sllidar_ros2) StderrLine: {'line': b'\x1b[01m\x1b[K/home/pi5/capstone-group8/ros2_ws/src/sllidar_ros2/sdk/src/sl_async_transceiver.h:\x1b[m\x1b[K In member function \xe2\x80\x98\x1b[01m\x1b[Kvirtual void sl::internal::IAsyncProtocolCodec::\x1b[01;32m\x1b[KonChannelError\x1b[m\x1b[K(u_result)\x1b[m\x1b[K\xe2\x80\x99:\n'}
[54.593193] (sllidar_ros2) StderrLine: {'line': b'\x1b[01m\x1b[K/home/pi5/capstone-group8/ros2_ws/src/sllidar_ros2/sdk/src/sl_async_transceiver.h:90:48:\x1b[m\x1b[K \x1b[01;35m\x1b[Kwarning: \x1b[m\x1b[Kunused parameter \xe2\x80\x98\x1b[01m\x1b[KerrCode\x1b[m\x1b[K\xe2\x80\x99 [\x1b[01;35m\x1b[K\x1b]8;;https://gcc.gnu.org/onlinedocs/gcc/Warning-Options.html#index-Wunused-parameter\x07-Wunused-parameter\x1b]8;;\x07\x1b[m\x1b[K]\n'}
[54.593317] (sllidar_ros2) StderrLine: {'line': b'   90 |         virtual void   onChannelError(\x1b[01;35m\x1b[Ku_result errCode\x1b[m\x1b[K) {}\n'}
[54.593414] (sllidar_ros2) StderrLine: {'line': b'      |                                       \x1b[01;35m\x1b[K~~~~~~~~~^~~~~~~\x1b[m\x1b[K\n'}
[54.630389] (-) TimerEvent: {}
[54.730829] (-) TimerEvent: {}
[54.834364] (-) TimerEvent: {}
[54.867931] (sllidar_ros2) StdoutLine: {'line': b'[ 95%] \x1b[32mBuilding CXX object CMakeFiles/sllidar_node.dir/sdk/src/dataunpacker/unpacker/handler_normalnode.cpp.o\x1b[0m\n'}
[54.934510] (-) TimerEvent: {}
[55.035004] (-) TimerEvent: {}
[55.140108] (-) TimerEvent: {}
[55.247356] (-) TimerEvent: {}
[55.347968] (-) TimerEvent: {}
[55.452112] (-) TimerEvent: {}
[55.552598] (-) TimerEvent: {}
[55.653070] (-) TimerEvent: {}
[55.754593] (-) TimerEvent: {}
[55.861534] (-) TimerEvent: {}
[55.964674] (-) TimerEvent: {}
[56.065154] (-) TimerEvent: {}
[56.165715] (-) TimerEvent: {}
[56.181328] (sllidar_ros2) StderrLine: {'line': b'In file included from \x1b[01m\x1b[K/home/pi5/capstone-group8/ros2_ws/src/sllidar_ros2/./sdk/include/rplidar_protocol.h:36\x1b[m\x1b[K,\n'}
[56.181728] (sllidar_ros2) StderrLine: {'line': b'                 from \x1b[01m\x1b[K/home/pi5/capstone-group8/ros2_ws/src/sllidar_ros2/./sdk/include/rplidar.h:39\x1b[m\x1b[K,\n'}
[56.181940] (sllidar_ros2) StderrLine: {'line': b'                 from \x1b[01m\x1b[K/home/pi5/capstone-group8/ros2_ws/src/sllidar_ros2/./sdk/src/sdkcommon.h:49\x1b[m\x1b[K,\n'}
[56.182140] (sllidar_ros2) StderrLine: {'line': b'                 from \x1b[01m\x1b[K/home/pi5/capstone-group8/ros2_ws/src/sllidar_ros2/sdk/src/dataunpacker/unpacker/../dataunnpacker_commondef.h:41\x1b[m\x1b[K,\n'}
[56.182359] (sllidar_ros2) StderrLine: {'line': b'                 from \x1b[01m\x1b[K/home/pi5/capstone-group8/ros2_ws/src/sllidar_ros2/sdk/src/dataunpacker/unpacker/handler_normalnode.cpp:39\x1b[m\x1b[K:\n'}
[56.182581] (sllidar_ros2) StderrLine: {'line': b'\x1b[01m\x1b[K/home/pi5/capstone-group8/ros2_ws/src/sllidar_ros2/./sdk/include/sl_lidar_protocol.h:66:16:\x1b[m\x1b[K \x1b[01;35m\x1b[Kwarning: \x1b[m\x1b[KISO C++ forbids zero-size array \xe2\x80\x98\x1b[01m\x1b[Kdata\x1b[m\x1b[K\xe2\x80\x99 [\x1b[01;35m\x1b[K\x1b]8;;https://gcc.gnu.org/onlinedocs/gcc/Warning-Options.html#index-Wpedantic\x07-Wpedantic\x1b]8;;\x07\x1b[m\x1b[K]\n'}
[56.182783] (sllidar_ros2) StderrLine: {'line': b'   66 |     sl_u8 data[\x1b[01;35m\x1b[K0\x1b[m\x1b[K];\n'}
[56.182976] (sllidar_ros2) StderrLine: {'line': b'      |                \x1b[01;35m\x1b[K^\x1b[m\x1b[K\n'}
[56.185483] (sllidar_ros2) StderrLine: {'line': b'In file included from \x1b[01m\x1b[K/home/pi5/capstone-group8/ros2_ws/src/sllidar_ros2/./sdk/include/rplidar_cmd.h:36\x1b[m\x1b[K,\n'}
[56.185778] (sllidar_ros2) StderrLine: {'line': b'                 from \x1b[01m\x1b[K/home/pi5/capstone-group8/ros2_ws/src/sllidar_ros2/./sdk/include/rplidar.h:40\x1b[m\x1b[K:\n'}
[56.185902] (sllidar_ros2) StderrLine: {'line': b'\x1b[01m\x1b[K/home/pi5/capstone-group8/ros2_ws/src/sllidar_ros2/./sdk/include/sl_lidar_cmd.h:324:20:\x1b[m\x1b[K \x1b[01;35m\x1b[Kwarning: \x1b[m\x1b[KISO C++ forbids zero-size array \xe2\x80\x98\x1b[01m\x1b[Kpayload\x1b[m\x1b[K\xe2\x80\x99 [\x1b[01;35m\x1b[K\x1b]8;;https://gcc.gnu.org/onlinedocs/gcc/Warning-Options.html#index-Wpedantic\x07-Wpedantic\x1b]8;;\x07\x1b[m\x1b[K]\n'}
[56.186046] (sllidar_ros2) StderrLine: {'line': b'  324 |     sl_u8  payload[\x1b[01;35m\x1b[K0\x1b[m\x1b[K];\n'}
[56.186156] (sllidar_ros2) StderrLine: {'line': b'      |                    \x1b[01;35m\x1b[K^\x1b[m\x1b[K\n'}
[56.278623] (-) TimerEvent: {}
[56.379595] (-) TimerEvent: {}
[56.430387] (sllidar_ros2) StderrLine: {'line': b'In file included from \x1b[01m\x1b[K/home/pi5/capstone-group8/ros2_ws/src/sllidar_ros2/sdk/src/dataunpacker/unpacker/handler_normalnode.cpp:40\x1b[m\x1b[K:\n'}
[56.430695] (sllidar_ros2) StderrLine: {'line': b'\x1b[01m\x1b[K/home/pi5/capstone-group8/ros2_ws/src/sllidar_ros2/sdk/src/dataunpacker/unpacker/../dataunpacker.h:\x1b[m\x1b[K In member function \xe2\x80\x98\x1b[01m\x1b[Kvirtual void sl::internal::LIDARSampleDataListener::\x1b[01;32m\x1b[KonCustomSampleDataDecoded\x1b[m\x1b[K(_u8, _u32, const void*, size_t)\x1b[m\x1b[K\xe2\x80\x99:\n'}
[56.430845] (sllidar_ros2) StderrLine: {'line': b'\x1b[01m\x1b[K/home/pi5/capstone-group8/ros2_ws/src/sllidar_ros2/sdk/src/dataunpacker/unpacker/../dataunpacker.h:54:52:\x1b[m\x1b[K \x1b[01;35m\x1b[Kwarning: \x1b[m\x1b[Kunused parameter \xe2\x80\x98\x1b[01m\x1b[KansType\x1b[m\x1b[K\xe2\x80\x99 [\x1b[01;35m\x1b[K\x1b]8;;https://gcc.gnu.org/onlinedocs/gcc/Warning-Options.html#index-Wunused-parameter\x07-Wunused-parameter\x1b]8;;\x07\x1b[m\x1b[K]\n'}
[56.430976] (sllidar_ros2) StderrLine: {'line': b'   54 |         virtual void onCustomSampleDataDecoded(\x1b[01;35m\x1b[K_u8 ansType\x1b[m\x1b[K, _u32 customCode, const void* data, size_t size) {}\n'}
[56.431092] (sllidar_ros2) StderrLine: {'line': b'      |                                                \x1b[01;35m\x1b[K~~~~^~~~~~~\x1b[m\x1b[K\n'}
[56.431201] (sllidar_ros2) StderrLine: {'line': b'\x1b[01m\x1b[K/home/pi5/capstone-group8/ros2_ws/src/sllidar_ros2/sdk/src/dataunpacker/unpacker/../dataunpacker.h:54:66:\x1b[m\x1b[K \x1b[01;35m\x1b[Kwarning: \x1b[m\x1b[Kunused parameter \xe2\x80\x98\x1b[01m\x1b[KcustomCode\x1b[m\x1b[K\xe2\x80\x99 [\x1b[01;35m\x1b[K\x1b]8;;https://gcc.gnu.org/onlinedocs/gcc/Warning-Options.html#index-Wunused-parameter\x07-Wunused-parameter\x1b]8;;\x07\x1b[m\x1b[K]\n'}
[56.431360] (sllidar_ros2) StderrLine: {'line': b'   54 |    virtual void onCustomSampleDataDecoded(_u8 ansType, \x1b[01;35m\x1b[K_u32 customCode\x1b[m\x1b[K, const void* data, size_t size) {}\n'}
[56.431511] (sllidar_ros2) StderrLine: {'line': b'      |                                                        \x1b[01;35m\x1b[K~~~~~^~~~~~~~~~\x1b[m\x1b[K\n'}
[56.431618] (sllidar_ros2) StderrLine: {'line': b'\n'}
[56.431717] (sllidar_ros2) StderrLine: {'line': b'\x1b[01m\x1b[K/home/pi5/capstone-group8/ros2_ws/src/sllidar_ros2/sdk/src/dataunpacker/unpacker/../dataunpacker.h:54:90:\x1b[m\x1b[K \x1b[01;35m\x1b[Kwarning: \x1b[m\x1b[Kunused parameter \xe2\x80\x98\x1b[01m\x1b[Kdata\x1b[m\x1b[K\xe2\x80\x99 [\x1b[01;35m\x1b[K\x1b]8;;https://gcc.gnu.org/onlinedocs/gcc/Warning-Options.html#index-Wunused-parameter\x07-Wunused-parameter\x1b]8;;\x07\x1b[m\x1b[K]\n'}
[56.431820] (sllidar_ros2) StderrLine: {'line': b'   54 | SampleDataDecoded(_u8 ansType, _u32 customCode, \x1b[01;35m\x1b[Kconst void* data\x1b[m\x1b[K, size_t size) {}\n'}
[56.431924] (sllidar_ros2) StderrLine: {'line': b'      |                                                 \x1b[01;35m\x1b[K~~~~~~~~~~~~^~~~\x1b[m\x1b[K\n'}
[56.432021] (sllidar_ros2) StderrLine: {'line': b'\n'}
[56.432117] (sllidar_ros2) StderrLine: {'line': b'\x1b[01m\x1b[K/home/pi5/capstone-group8/ros2_ws/src/sllidar_ros2/sdk/src/dataunpacker/unpacker/../dataunpacker.h:54:103:\x1b[m\x1b[K \x1b[01;35m\x1b[Kwarning: \x1b[m\x1b[Kunused parameter \xe2\x80\x98\x1b[01m\x1b[Ksize\x1b[m\x1b[K\xe2\x80\x99 [\x1b[01;35m\x1b[K\x1b]8;;https://gcc.gnu.org/onlinedocs/gcc/Warning-Options.html#index-Wunused-parameter\x07-Wunused-parameter\x1b]8;;\x07\x1b[m\x1b[K]\n'}
[56.432218] (sllidar_ros2) StderrLine: {'line': b'   54 | Decoded(_u8 ansType, _u32 customCode, const void* data, \x1b[01;35m\x1b[Ksize_t size\x1b[m\x1b[K) {}\n'}
[56.432349] (sllidar_ros2) StderrLine: {'line': b'      |                                                         \x1b[01;35m\x1b[K~~~~~~~^~~~\x1b[m\x1b[K\n'}
[56.432467] (sllidar_ros2) StderrLine: {'line': b'\n'}
[56.432565] (sllidar_ros2) StderrLine: {'line': b'\x1b[01m\x1b[K/home/pi5/capstone-group8/ros2_ws/src/sllidar_ros2/sdk/src/dataunpacker/unpacker/../dataunpacker.h:\x1b[m\x1b[K In member function \xe2\x80\x98\x1b[01m\x1b[Kvirtual void sl::internal::LIDARSampleDataListener::\x1b[01;32m\x1b[KonDecodingError\x1b[m\x1b[K(int, _u8, const void*, size_t)\x1b[m\x1b[K\xe2\x80\x99:\n'}
[56.432669] (sllidar_ros2) StderrLine: {'line': b'\x1b[01m\x1b[K/home/pi5/capstone-group8/ros2_ws/src/sllidar_ros2/sdk/src/dataunpacker/unpacker/../dataunpacker.h:56:42:\x1b[m\x1b[K \x1b[01;35m\x1b[Kwarning: \x1b[m\x1b[Kunused parameter \xe2\x80\x98\x1b[01m\x1b[KerrMsg\x1b[m\x1b[K\xe2\x80\x99 [\x1b[01;35m\x1b[K\x1b]8;;https://gcc.gnu.org/onlinedocs/gcc/Warning-Options.html#index-Wunused-parameter\x07-Wunused-parameter\x1b]8;;\x07\x1b[m\x1b[K]\n'}
[56.432773] (sllidar_ros2) StderrLine: {'line': b'   56 |         virtual void onDecodingError(\x1b[01;35m\x1b[Kint errMsg\x1b[m\x1b[K, _u8 ansType, const void* payload, size_t size) {}\n'}
[56.432873] (sllidar_ros2) StderrLine: {'line': b'      |                                      \x1b[01;35m\x1b[K~~~~^~~~~~\x1b[m\x1b[K\n'}
[56.432972] (sllidar_ros2) StderrLine: {'line': b'\x1b[01m\x1b[K/home/pi5/capstone-group8/ros2_ws/src/sllidar_ros2/sdk/src/dataunpacker/unpacker/../dataunpacker.h:56:54:\x1b[m\x1b[K \x1b[01;35m\x1b[Kwarning: \x1b[m\x1b[Kunused parameter \xe2\x80\x98\x1b[01m\x1b[KansType\x1b[m\x1b[K\xe2\x80\x99 [\x1b[01;35m\x1b[K\x1b]8;;https://gcc.gnu.org/onlinedocs/gcc/Warning-Options.html#index-Wunused-parameter\x07-Wunused-parameter\x1b]8;;\x07\x1b[m\x1b[K]\n'}
[56.433073] (sllidar_ros2) StderrLine: {'line': b'   56 |         virtual void onDecodingError(int errMsg, \x1b[01;35m\x1b[K_u8 ansType\x1b[m\x1b[K, const void* payload, size_t size) {}\n'}
[56.433184] (sllidar_ros2) StderrLine: {'line': b'      |                                                  \x1b[01;35m\x1b[K~~~~^~~~~~~\x1b[m\x1b[K\n'}
[56.437532] (sllidar_ros2) StderrLine: {'line': b'\x1b[01m\x1b[K/home/pi5/capstone-group8/ros2_ws/src/sllidar_ros2/sdk/src/dataunpacker/unpacker/../dataunpacker.h:56:75:\x1b[m\x1b[K \x1b[01;35m\x1b[Kwarning: \x1b[m\x1b[Kunused parameter \xe2\x80\x98\x1b[01m\x1b[Kpayload\x1b[m\x1b[K\xe2\x80\x99 [\x1b[01;35m\x1b[K\x1b]8;;https://gcc.gnu.org/onlinedocs/gcc/Warning-Options.html#index-Wunused-parameter\x07-Wunused-parameter\x1b]8;;\x07\x1b[m\x1b[K]\n'}
[56.437743] (sllidar_ros2) StderrLine: {'line': b'   56 | l void onDecodingError(int errMsg, _u8 ansType, \x1b[01;35m\x1b[Kconst void* payload\x1b[m\x1b[K, size_t size) {}\n'}
[56.437851] (sllidar_ros2) StderrLine: {'line': b'      |                                                 \x1b[01;35m\x1b[K~~~~~~~~~~~~^~~~~~~\x1b[m\x1b[K\n'}
[56.437949] (sllidar_ros2) StderrLine: {'line': b'\n'}
[56.438041] (sllidar_ros2) StderrLine: {'line': b'\x1b[01m\x1b[K/home/pi5/capstone-group8/ros2_ws/src/sllidar_ros2/sdk/src/dataunpacker/unpacker/../dataunpacker.h:56:91:\x1b[m\x1b[K \x1b[01;35m\x1b[Kwarning: \x1b[m\x1b[Kunused parameter \xe2\x80\x98\x1b[01m\x1b[Ksize\x1b[m\x1b[K\xe2\x80\x99 [\x1b[01;35m\x1b[K\x1b]8;;https://gcc.gnu.org/onlinedocs/gcc/Warning-Options.html#index-Wunused-parameter\x07-Wunused-parameter\x1b]8;;\x07\x1b[m\x1b[K]\n'}
[56.438149] (sllidar_ros2) StderrLine: {'line': b'   56 | dingError(int errMsg, _u8 ansType, const void* payload, \x1b[01;35m\x1b[Ksize_t size\x1b[m\x1b[K) {}\n'}
[56.438279] (sllidar_ros2) StderrLine: {'line': b'      |                                                         \x1b[01;35m\x1b[K~~~~~~~^~~~\x1b[m\x1b[K\n'}
[56.438399] (sllidar_ros2) StderrLine: {'line': b'\n'}
[56.480423] (-) TimerEvent: {}
[56.580878] (-) TimerEvent: {}
[56.681370] (-) TimerEvent: {}
[56.783116] (-) TimerEvent: {}
[56.809483] (sllidar_ros2) StdoutLine: {'line': b'[100%] \x1b[32m\x1b[1mLinking CXX executable sllidar_node\x1b[0m\n'}
[56.883284] (-) TimerEvent: {}
[56.983739] (-) TimerEvent: {}
[57.084368] (-) TimerEvent: {}
[57.195447] (-) TimerEvent: {}
[57.296212] (-) TimerEvent: {}
[57.397233] (-) TimerEvent: {}
[57.499567] (-) TimerEvent: {}
[57.598101] (sllidar_ros2) StdoutLine: {'line': b'[100%] Built target sllidar_node\n'}
[57.599803] (-) TimerEvent: {}
[57.661390] (sllidar_ros2) CommandEnded: {'returncode': 0}
[57.661952] (sllidar_ros2) JobProgress: {'identifier': 'sllidar_ros2', 'progress': 'install'}
[57.664127] (sllidar_ros2) Command: {'cmd': ['/usr/bin/cmake', '--install', '/home/pi5/capstone-group8/ros2_ws/src/build/sllidar_ros2'], 'cwd': '/home/pi5/capstone-group8/ros2_ws/src/build/sllidar_ros2', 'env': OrderedDict({'GJS_DEBUG_TOPICS': 'JS ERROR;JS LOG', 'XDG_ACTIVATION_TOKEN': 'gnome-shell/Terminator/5395-0-pi5-desktop_TIME189427', 'LESSOPEN': '| /usr/bin/lesspipe %s', 'USER': 'pi5', 'SSH_AGENT_PID': '5118', 'XDG_SESSION_TYPE': 'x11', 'CLUTTER_DISABLE_MIPMAPPED_TEXT': '1', 'SHLVL': '2', 'LD_LIBRARY_PATH': '/opt/ros/jazzy/opt/rviz_ogre_vendor/lib:/opt/ros/jazzy/lib/aarch64-linux-gnu:/opt/ros/jazzy/opt/gz_math_vendor/lib:/opt/ros/jazzy/opt/gz_utils_vendor/lib:/opt/ros/jazzy/opt/gz_cmake_vendor/lib:/opt/ros/jazzy/lib', 'HOME': '/home/pi5', 'OLDPWD': '/home/pi5/capstone-group8/ros2_ws', 'GIO_LAUNCHED_DESKTOP_FILE': '/usr/share/applications/terminator.desktop', 'ROS_PYTHON_VERSION': '3', 'GTK_MODULES': 'gail:atk-bridge', 'MANAGERPID': '4850', 'SYSTEMD_EXEC_PID': '5395', 'XRDP_PULSE_SOURCE_SOCKET': 'xrdp_chansrv_audio_in_socket_10', 'XRDP_PULSE_SINK_SOCKET': 'xrdp_chansrv_audio_out_socket_10', 'GSM_SKIP_SSH_AGENT_WORKAROUND': 'true', 'DBUS_SESSION_BUS_ADDRESS': 'unix:path=/run/user/1000/bus', 'COLORTERM': 'truecolor', 'TERMINATOR_DBUS_NAME': 'net.tenshu.Terminator2bcb3aa092f2b6032576f3fd56ad9afe9', 'GIO_LAUNCHED_DESKTOP_FILE_PID': '6081', 'DEBUGINFOD_URLS': 'https://debuginfod.ubuntu.com', 'PULSE_SCRIPT': '/etc/xrdp/pulse/default.pa', 'IM_CONFIG_PHASE': '1', 'ROS_DISTRO': 'jazzy', 'GTK_IM_MODULE': 'ibus', 'LOGNAME': 'pi5', 'JOURNAL_STREAM': '8:29179', '_': '/usr/bin/colcon', 'ROS_VERSION': '2', 'MEMORY_PRESSURE_WATCH': '/sys/fs/cgroup/user.slice/user-1000.slice/user@1000.service/session.slice/org.gnome.Shell@x11.service/memory.pressure', 'XDG_SESSION_CLASS': 'user', 'TERM': 'xterm-256color', 'GNOME_DESKTOP_SESSION_ID': 'this-is-deprecated', 'PATH': '/opt/ros/jazzy/bin:/home/pi5/.local/bin:/usr/local/sbin:/usr/local/bin:/usr/sbin:/usr/bin:/sbin:/bin:/usr/games:/usr/local/games:/snap/bin', 'SESSION_MANAGER': 'local/pi5-desktop:@/tmp/.ICE-unix/5330,unix/pi5-desktop:/tmp/.ICE-unix/5330', 'INVOCATION_ID': '164353cce0d04b02b023f51772701d2c', 'XDG_MENU_PREFIX': 'gnome-', 'XRDP_SOCKET_PATH': '/run/xrdp/sockdir', 'XDG_RUNTIME_DIR': '/run/user/1000', 'DISPLAY': ':10.0', 'TERMINATOR_DBUS_PATH': '/net/tenshu/Terminator2', 'LANG': 'en_US.UTF-8', 'XDG_CURRENT_DESKTOP': 'GNOME', 'XMODIFIERS': '@im=ibus', 'LS_COLORS': 'rs=0:di=01;34:ln=01;36:mh=00:pi=40;33:so=01;35:do=01;35:bd=40;33;01:cd=40;33;01:or=40;31;01:mi=00:su=37;41:sg=30;43:ca=00:tw=30;42:ow=34;42:st=37;44:ex=01;32:*.tar=01;31:*.tgz=01;31:*.arc=01;31:*.arj=01;31:*.taz=01;31:*.lha=01;31:*.lz4=01;31:*.lzh=01;31:*.lzma=01;31:*.tlz=01;31:*.txz=01;31:*.tzo=01;31:*.t7z=01;31:*.zip=01;31:*.z=01;31:*.dz=01;31:*.gz=01;31:*.lrz=01;31:*.lz=01;31:*.lzo=01;31:*.xz=01;31:*.zst=01;31:*.tzst=01;31:*.bz2=01;31:*.bz=01;31:*.tbz=01;31:*.tbz2=01;31:*.tz=01;31:*.deb=01;31:*.rpm=01;31:*.jar=01;31:*.war=01;31:*.ear=01;31:*.sar=01;31:*.rar=01;31:*.alz=01;31:*.ace=01;31:*.zoo=01;31:*.cpio=01;31:*.7z=01;31:*.rz=01;31:*.cab=01;31:*.wim=01;31:*.swm=01;31:*.dwm=01;31:*.esd=01;31:*.avif=01;35:*.jpg=01;35:*.jpeg=01;35:*.mjpg=01;35:*.mjpeg=01;35:*.gif=01;35:*.bmp=01;35:*.pbm=01;35:*.pgm=01;35:*.ppm=01;35:*.tga=01;35:*.xbm=01;35:*.xpm=01;35:*.tif=01;35:*.tiff=01;35:*.png=01;35:*.svg=01;35:*.svgz=01;35:*.mng=01;35:*.pcx=01;35:*.mov=01;35:*.mpg=01;35:*.mpeg=01;35:*.m2v=01;35:*.mkv=01;35:*.webm=01;35:*.webp=01;35:*.ogm=01;35:*.mp4=01;35:*.m4v=01;35:*.mp4v=01;35:*.vob=01;35:*.qt=01;35:*.nuv=01;35:*.wmv=01;35:*.asf=01;35:*.rm=01;35:*.rmvb=01;35:*.flc=01;35:*.avi=01;35:*.fli=01;35:*.flv=01;35:*.gl=01;35:*.dl=01;35:*.xcf=01;35:*.xwd=01;35:*.yuv=01;35:*.cgm=01;35:*.emf=01;35:*.ogv=01;35:*.ogx=01;35:*.aac=00;36:*.au=00;36:*.flac=00;36:*.m4a=00;36:*.mid=00;36:*.midi=00;36:*.mka=00;36:*.mp3=00;36:*.mpc=00;36:*.ogg=00;36:*.ra=00;36:*.wav=00;36:*.oga=00;36:*.opus=00;36:*.spx=00;36:*.xspf=00;36:*~=00;90:*#=00;90:*.bak=00;90:*.crdownload=00;90:*.dpkg-dist=00;90:*.dpkg-new=00;90:*.dpkg-old=00;90:*.dpkg-tmp=00;90:*.old=00;90:*.orig=00;90:*.part=00;90:*.rej=00;90:*.rpmnew=00;90:*.rpmorig=00;90:*.rpmsave=00;90:*.swp=00;90:*.tmp=00;90:*.ucf-dist=00;90:*.ucf-new=00;90:*.ucf-old=00;90:', 'SSH_AUTH_SOCK': '/run/user/1000/keyring/ssh', 'AMENT_PREFIX_PATH': '/opt/ros/jazzy', 'UID': '1000', 'SHELL': '/bin/bash', 'TERMINATOR_UUID': 'urn:uuid:57a93a0b-224b-4c08-b531-a378d4cab3a8', 'QT_ACCESSIBILITY': '1', 'LESSCLOSE': '/usr/bin/lesspipe %s %s', 'XRDP_SESSION': '1', 'GPG_AGENT_INFO': '/run/user/1000/gnupg/S.gpg-agent:0:1', 'GJS_DEBUG_OUTPUT': 'stderr', 'ROS_AUTOMATIC_DISCOVERY_RANGE': 'SUBNET', 'QT_IM_MODULE': 'ibus', 'PWD': '/home/pi5/capstone-group8/ros2_ws/src/build/sllidar_ros2', 'LC_ALL': 'en_US.UTF-8', 'CLUTTER_IM_MODULE': 'ibus', 'XDG_DATA_DIRS': '/usr/share/gnome:/usr/local/share:/usr/share:/var/lib/snapd/desktop', 'PYTHONPATH': '/opt/ros/jazzy/lib/python3.12/site-packages', 'COLCON': '1', 'MEMORY_PRESSURE_WRITE': 'c29tZSAyMDAwMDAgMjAwMDAwMAA=', 'VTE_VERSION': '7600', 'CMAKE_PREFIX_PATH': '/opt/ros/jazzy/opt/gz_math_vendor:/opt/ros/jazzy/opt/gz_utils_vendor:/opt/ros/jazzy/opt/gz_cmake_vendor:/opt/ros/jazzy'}), 'shell': False}
[57.682144] (sllidar_ros2) StdoutLine: {'line': b'-- Install configuration: ""\n'}
[57.682885] (sllidar_ros2) StdoutLine: {'line': b'-- Execute custom install script\n'}
[57.699887] (-) TimerEvent: {}
[57.759643] (sllidar_ros2) StdoutLine: {'line': b'-- Symlinking: /home/pi5/capstone-group8/ros2_ws/src/install/sllidar_ros2/share/sllidar_ros2/launch/sllidar_a1_launch.py\n'}
[57.787456] (sllidar_ros2) StdoutLine: {'line': b'-- Symlinking: /home/pi5/capstone-group8/ros2_ws/src/install/sllidar_ros2/share/sllidar_ros2/launch/sllidar_a2m12_launch .py\n'}
[57.800029] (-) TimerEvent: {}
[57.808783] (sllidar_ros2) StdoutLine: {'line': b'-- Symlinking: /home/pi5/capstone-group8/ros2_ws/src/install/sllidar_ros2/share/sllidar_ros2/launch/sllidar_a2m7_launch.py\n'}
[57.829138] (sllidar_ros2) StdoutLine: {'line': b'-- Symlinking: /home/pi5/capstone-group8/ros2_ws/src/install/sllidar_ros2/share/sllidar_ros2/launch/sllidar_a2m8_launch.py\n'}
[57.858174] (sllidar_ros2) StdoutLine: {'line': b'-- Symlinking: /home/pi5/capstone-group8/ros2_ws/src/install/sllidar_ros2/share/sllidar_ros2/launch/sllidar_a3_launch.py\n'}
[57.879451] (sllidar_ros2) StdoutLine: {'line': b'-- Symlinking: /home/pi5/capstone-group8/ros2_ws/src/install/sllidar_ros2/share/sllidar_ros2/launch/sllidar_c1_launch.py\n'}
[57.901375] (-) TimerEvent: {}
[57.902736] (sllidar_ros2) StdoutLine: {'line': b'-- Symlinking: /home/pi5/capstone-group8/ros2_ws/src/install/sllidar_ros2/share/sllidar_ros2/launch/sllidar_s1_launch.py\n'}
[57.925216] (sllidar_ros2) StdoutLine: {'line': b'-- Symlinking: /home/pi5/capstone-group8/ros2_ws/src/install/sllidar_ros2/share/sllidar_ros2/launch/sllidar_s1_tcp_launch.py\n'}
[57.945444] (sllidar_ros2) StdoutLine: {'line': b'-- Symlinking: /home/pi5/capstone-group8/ros2_ws/src/install/sllidar_ros2/share/sllidar_ros2/launch/sllidar_s2_launch.py\n'}
[57.974352] (sllidar_ros2) StdoutLine: {'line': b'-- Symlinking: /home/pi5/capstone-group8/ros2_ws/src/install/sllidar_ros2/share/sllidar_ros2/launch/sllidar_s2e_launch.py\n'}
[57.993470] (sllidar_ros2) StdoutLine: {'line': b'-- Symlinking: /home/pi5/capstone-group8/ros2_ws/src/install/sllidar_ros2/share/sllidar_ros2/launch/sllidar_s3_launch.py\n'}
[58.001528] (-) TimerEvent: {}
[58.021722] (sllidar_ros2) StdoutLine: {'line': b'-- Symlinking: /home/pi5/capstone-group8/ros2_ws/src/install/sllidar_ros2/share/sllidar_ros2/launch/sllidar_t1_launch.py\n'}
[58.044325] (sllidar_ros2) StdoutLine: {'line': b'-- Symlinking: /home/pi5/capstone-group8/ros2_ws/src/install/sllidar_ros2/share/sllidar_ros2/launch/view_sllidar_a1_launch.py\n'}
[58.073365] (sllidar_ros2) StdoutLine: {'line': b'-- Symlinking: /home/pi5/capstone-group8/ros2_ws/src/install/sllidar_ros2/share/sllidar_ros2/launch/view_sllidar_a2m12_launch.py\n'}
[58.089974] (sllidar_ros2) StdoutLine: {'line': b'-- Symlinking: /home/pi5/capstone-group8/ros2_ws/src/install/sllidar_ros2/share/sllidar_ros2/launch/view_sllidar_a2m7_launch.py\n'}
[58.101689] (-) TimerEvent: {}
[58.116377] (sllidar_ros2) StdoutLine: {'line': b'-- Symlinking: /home/pi5/capstone-group8/ros2_ws/src/install/sllidar_ros2/share/sllidar_ros2/launch/view_sllidar_a2m8_launch.py\n'}
[58.138082] (sllidar_ros2) StdoutLine: {'line': b'-- Symlinking: /home/pi5/capstone-group8/ros2_ws/src/install/sllidar_ros2/share/sllidar_ros2/launch/view_sllidar_a3_launch.py\n'}
[58.165923] (sllidar_ros2) StdoutLine: {'line': b'-- Symlinking: /home/pi5/capstone-group8/ros2_ws/src/install/sllidar_ros2/share/sllidar_ros2/launch/view_sllidar_c1_launch.py\n'}
[58.191357] (sllidar_ros2) StdoutLine: {'line': b'-- Symlinking: /home/pi5/capstone-group8/ros2_ws/src/install/sllidar_ros2/share/sllidar_ros2/launch/view_sllidar_s1_launch.py\n'}
[58.203576] (-) TimerEvent: {}
[58.216518] (sllidar_ros2) StdoutLine: {'line': b'-- Symlinking: /home/pi5/capstone-group8/ros2_ws/src/install/sllidar_ros2/share/sllidar_ros2/launch/view_sllidar_s1_tcp_launch.py\n'}
[58.247370] (sllidar_ros2) StdoutLine: {'line': b'-- Symlinking: /home/pi5/capstone-group8/ros2_ws/src/install/sllidar_ros2/share/sllidar_ros2/launch/view_sllidar_s2_launch.py\n'}
[58.274751] (sllidar_ros2) StdoutLine: {'line': b'-- Symlinking: /home/pi5/capstone-group8/ros2_ws/src/install/sllidar_ros2/share/sllidar_ros2/launch/view_sllidar_s2e_launch.py\n'}
[58.296584] (sllidar_ros2) StdoutLine: {'line': b'-- Symlinking: /home/pi5/capstone-group8/ros2_ws/src/install/sllidar_ros2/share/sllidar_ros2/launch/view_sllidar_s3_launch.py\n'}
[58.302432] (-) TimerEvent: {}
[58.322355] (sllidar_ros2) StdoutLine: {'line': b'-- Symlinking: /home/pi5/capstone-group8/ros2_ws/src/install/sllidar_ros2/share/sllidar_ros2/launch/view_sllidar_t1_launch.py\n'}
[58.405361] (-) TimerEvent: {}
[58.505810] (-) TimerEvent: {}
[58.606271] (-) TimerEvent: {}
[58.624461] (sllidar_ros2) StdoutLine: {'line': b'-- Symlinking: /home/pi5/capstone-group8/ros2_ws/src/install/sllidar_ros2/share/sllidar_ros2/rviz/sllidar_ros2.rviz\n'}
[58.701070] (sllidar_ros2) StdoutLine: {'line': b'-- Symlinking: /home/pi5/capstone-group8/ros2_ws/src/install/sllidar_ros2/lib/sllidar_ros2/sllidar_node\n'}
[58.709383] (-) TimerEvent: {}
[58.753451] (sllidar_ros2) StdoutLine: {'line': b'-- Symlinking: /home/pi5/capstone-group8/ros2_ws/src/install/sllidar_ros2/lib/sllidar_ros2/sllidar_client\n'}
[58.807233] (sllidar_ros2) StdoutLine: {'line': b'-- Symlinking: /home/pi5/capstone-group8/ros2_ws/src/install/sllidar_ros2/share/ament_index/resource_index/package_run_dependencies/sllidar_ros2\n'}
[58.809545] (-) TimerEvent: {}
[58.830550] (sllidar_ros2) StdoutLine: {'line': b'-- Symlinking: /home/pi5/capstone-group8/ros2_ws/src/install/sllidar_ros2/share/ament_index/resource_index/parent_prefix_path/sllidar_ros2\n'}
[58.880529] (sllidar_ros2) StdoutLine: {'line': b'-- Symlinking: /home/pi5/capstone-group8/ros2_ws/src/install/sllidar_ros2/share/sllidar_ros2/environment/ament_prefix_path.sh\n'}
[58.912351] (-) TimerEvent: {}
[58.913933] (sllidar_ros2) StdoutLine: {'line': b'-- Symlinking: /home/pi5/capstone-group8/ros2_ws/src/install/sllidar_ros2/share/sllidar_ros2/environment/ament_prefix_path.dsv\n'}
[58.976293] (sllidar_ros2) StdoutLine: {'line': b'-- Symlinking: /home/pi5/capstone-group8/ros2_ws/src/install/sllidar_ros2/share/sllidar_ros2/environment/path.sh\n'}
[59.012474] (sllidar_ros2) StdoutLine: {'line': b'-- Symlinking: /home/pi5/capstone-group8/ros2_ws/src/install/sllidar_ros2/share/sllidar_ros2/environment/path.dsv\n'}
[59.012852] (-) TimerEvent: {}
[59.039994] (sllidar_ros2) StdoutLine: {'line': b'-- Symlinking: /home/pi5/capstone-group8/ros2_ws/src/install/sllidar_ros2/share/sllidar_ros2/local_setup.bash\n'}
[59.062362] (sllidar_ros2) StdoutLine: {'line': b'-- Symlinking: /home/pi5/capstone-group8/ros2_ws/src/install/sllidar_ros2/share/sllidar_ros2/local_setup.sh\n'}
[59.089401] (sllidar_ros2) StdoutLine: {'line': b'-- Symlinking: /home/pi5/capstone-group8/ros2_ws/src/install/sllidar_ros2/share/sllidar_ros2/local_setup.zsh\n'}
[59.112576] (sllidar_ros2) StdoutLine: {'line': b'-- Symlinking: /home/pi5/capstone-group8/ros2_ws/src/install/sllidar_ros2/share/sllidar_ros2/local_setup.dsv\n'}
[59.113049] (-) TimerEvent: {}
[59.141583] (sllidar_ros2) StdoutLine: {'line': b'-- Symlinking: /home/pi5/capstone-group8/ros2_ws/src/install/sllidar_ros2/share/sllidar_ros2/package.dsv\n'}
[59.163849] (sllidar_ros2) StdoutLine: {'line': b'-- Symlinking: /home/pi5/capstone-group8/ros2_ws/src/install/sllidar_ros2/share/ament_index/resource_index/packages/sllidar_ros2\n'}
[59.195432] (sllidar_ros2) StdoutLine: {'line': b'-- Symlinking: /home/pi5/capstone-group8/ros2_ws/src/install/sllidar_ros2/share/sllidar_ros2/cmake/ament_cmake_export_dependencies-extras.cmake\n'}
[59.214384] (-) TimerEvent: {}
[59.218875] (sllidar_ros2) StdoutLine: {'line': b'-- Symlinking: /home/pi5/capstone-group8/ros2_ws/src/install/sllidar_ros2/share/sllidar_ros2/cmake/ament_cmake_export_include_directories-extras.cmake\n'}
[59.241031] (sllidar_ros2) StdoutLine: {'line': b'-- Symlinking: /home/pi5/capstone-group8/ros2_ws/src/install/sllidar_ros2/share/sllidar_ros2/cmake/sllidar_ros2Config.cmake\n'}
[59.273030] (sllidar_ros2) StdoutLine: {'line': b'-- Symlinking: /home/pi5/capstone-group8/ros2_ws/src/install/sllidar_ros2/share/sllidar_ros2/cmake/sllidar_ros2Config-version.cmake\n'}
[59.295213] (sllidar_ros2) StdoutLine: {'line': b'-- Symlinking: /home/pi5/capstone-group8/ros2_ws/src/install/sllidar_ros2/share/sllidar_ros2/package.xml\n'}
[59.315374] (-) TimerEvent: {}
[59.325340] (sllidar_ros2) CommandEnded: {'returncode': 0}
[59.367652] (sllidar_ros2) JobEnded: {'identifier': 'sllidar_ros2', 'rc': 0}
[59.415520] (-) TimerEvent: {}
[59.516350] (-) TimerEvent: {}
[59.616782] (-) TimerEvent: {}
[59.719585] (-) TimerEvent: {}
[59.819986] (-) TimerEvent: {}
[59.920433] (-) TimerEvent: {}
[60.020883] (-) TimerEvent: {}
[60.124785] (-) TimerEvent: {}
[60.225336] (-) TimerEvent: {}
[60.325774] (-) TimerEvent: {}
[60.431399] (-) TimerEvent: {}
[60.567904] (-) TimerEvent: {}
[60.669550] (-) TimerEvent: {}
[60.770040] (-) TimerEvent: {}
[60.870449] (-) TimerEvent: {}
[60.973536] (-) TimerEvent: {}
[61.073899] (-) TimerEvent: {}
[61.174317] (-) TimerEvent: {}
[61.274692] (-) TimerEvent: {}
[61.375067] (-) TimerEvent: {}
[61.476542] (-) TimerEvent: {}
[61.576904] (-) TimerEvent: {}
[61.677334] (-) TimerEvent: {}
[61.781410] (-) TimerEvent: {}
[61.881910] (-) TimerEvent: {}
[61.982337] (-) TimerEvent: {}
[62.082719] (-) TimerEvent: {}
[62.183083] (-) TimerEvent: {}
[62.284806] (-) TimerEvent: {}
[62.385196] (-) TimerEvent: {}
[62.486499] (-) TimerEvent: {}
[62.588227] (-) TimerEvent: {}
[62.690343] (-) TimerEvent: {}
[62.790774] (-) TimerEvent: {}
[62.891191] (-) TimerEvent: {}
[62.991573] (-) TimerEvent: {}
[63.091978] (-) TimerEvent: {}
[63.192399] (-) TimerEvent: {}
[63.293527] (-) TimerEvent: {}
[63.395205] (-) TimerEvent: {}
[63.495594] (-) TimerEvent: {}
[63.597284] (-) TimerEvent: {}
[63.697650] (-) TimerEvent: {}
[63.798006] (-) TimerEvent: {}
[63.898755] (-) TimerEvent: {}
[63.999117] (-) TimerEvent: {}
[64.099485] (-) TimerEvent: {}
[64.200072] (-) TimerEvent: {}
[64.300455] (-) TimerEvent: {}
[64.400842] (-) TimerEvent: {}
[64.501248] (-) TimerEvent: {}
[64.601620] (-) TimerEvent: {}
[64.703351] (-) TimerEvent: {}
[64.803754] (-) TimerEvent: {}
[64.904129] (-) TimerEvent: {}
[65.004518] (-) TimerEvent: {}
[65.104891] (-) TimerEvent: {}
[65.205293] (-) TimerEvent: {}
[65.305760] (-) TimerEvent: {}
[65.406125] (-) TimerEvent: {}
[65.506597] (-) TimerEvent: {}
[65.607175] (-) TimerEvent: {}
[65.707739] (-) TimerEvent: {}
[65.809097] (-) TimerEvent: {}
[65.912513] (-) TimerEvent: {}
[66.017361] (-) TimerEvent: {}
[66.119368] (-) TimerEvent: {}
[66.219775] (-) TimerEvent: {}
[66.321107] (-) TimerEvent: {}
[66.422514] (-) TimerEvent: {}
[66.522879] (-) TimerEvent: {}
[66.625353] (-) TimerEvent: {}
[66.728361] (-) TimerEvent: {}
[66.828780] (-) TimerEvent: {}
[66.929144] (-) TimerEvent: {}
[67.029510] (-) TimerEvent: {}
[67.129854] (-) TimerEvent: {}
[67.230219] (-) TimerEvent: {}
[67.330623] (-) TimerEvent: {}
[67.430982] (-) TimerEvent: {}
[67.531386] (-) TimerEvent: {}
[67.631792] (-) TimerEvent: {}
[67.732211] (-) TimerEvent: {}
[67.833907] (-) TimerEvent: {}
[67.934465] (-) TimerEvent: {}
[68.034925] (-) TimerEvent: {}
[68.135343] (-) TimerEvent: {}
[68.235748] (-) TimerEvent: {}
[68.336114] (-) TimerEvent: {}
[68.437696] (-) TimerEvent: {}
[68.539157] (-) TimerEvent: {}
[68.639509] (-) TimerEvent: {}
[68.739837] (-) TimerEvent: {}
[68.840163] (-) TimerEvent: {}
[68.940533] (-) TimerEvent: {}
[69.040874] (-) TimerEvent: {}
[69.141207] (-) TimerEvent: {}
[69.241540] (-) TimerEvent: {}
[69.341869] (-) TimerEvent: {}
[69.442215] (-) TimerEvent: {}
[69.542558] (-) TimerEvent: {}
[69.642885] (-) TimerEvent: {}
[69.743210] (-) TimerEvent: {}
[69.843540] (-) TimerEvent: {}
[69.943869] (-) TimerEvent: {}
[70.044302] (-) TimerEvent: {}
[70.144786] (-) TimerEvent: {}
[70.248128] (-) TimerEvent: {}
[70.348557] (-) TimerEvent: {}
[70.448979] (-) TimerEvent: {}
[70.549420] (-) TimerEvent: {}
[70.649831] (-) TimerEvent: {}
[70.750214] (-) TimerEvent: {}
[70.850598] (-) TimerEvent: {}
[70.950988] (-) TimerEvent: {}
[71.051429] (-) TimerEvent: {}
[71.151811] (-) TimerEvent: {}
[71.252218] (-) TimerEvent: {}
[71.352627] (-) TimerEvent: {}
[71.453024] (-) TimerEvent: {}
[71.553518] (-) TimerEvent: {}
[71.653935] (-) TimerEvent: {}
[71.754356] (-) TimerEvent: {}
[71.854768] (-) TimerEvent: {}
[71.955138] (-) TimerEvent: {}
[72.055577] (-) TimerEvent: {}
[72.155971] (-) TimerEvent: {}
[72.223358] (rf2o_laser_odometry) StdoutLine: {'line': b'[ 80%] \x1b[32m\x1b[1mLinking CXX executable rf2o_laser_odometry_node\x1b[0m\n'}
[72.256090] (-) TimerEvent: {}
[72.356497] (-) TimerEvent: {}
[72.456929] (-) TimerEvent: {}
[72.557325] (-) TimerEvent: {}
[72.657692] (-) TimerEvent: {}
[72.758034] (-) TimerEvent: {}
[72.858391] (-) TimerEvent: {}
[72.958719] (-) TimerEvent: {}
[73.059047] (-) TimerEvent: {}
[73.159421] (-) TimerEvent: {}
[73.259873] (-) TimerEvent: {}
[73.360336] (-) TimerEvent: {}
[73.460768] (-) TimerEvent: {}
[73.561179] (-) TimerEvent: {}
[73.662439] (-) TimerEvent: {}
[73.763623] (-) TimerEvent: {}
[73.866665] (-) TimerEvent: {}
[73.970751] (-) TimerEvent: {}
[74.073152] (-) TimerEvent: {}
[74.177351] (-) TimerEvent: {}
[74.277807] (-) TimerEvent: {}
[74.378360] (-) TimerEvent: {}
[74.478989] (-) TimerEvent: {}
[74.580815] (-) TimerEvent: {}
[74.681497] (-) TimerEvent: {}
[74.782583] (-) TimerEvent: {}
[74.890501] (-) TimerEvent: {}
[74.991819] (-) TimerEvent: {}
[75.092893] (-) TimerEvent: {}
[75.198406] (-) TimerEvent: {}
[75.301538] (-) TimerEvent: {}
[75.402411] (-) TimerEvent: {}
[75.503043] (-) TimerEvent: {}
[75.606376] (-) TimerEvent: {}
[75.707414] (-) TimerEvent: {}
[75.810811] (-) TimerEvent: {}
[75.913408] (-) TimerEvent: {}
[76.017830] (-) TimerEvent: {}
[76.124451] (-) TimerEvent: {}
[76.234744] (-) TimerEvent: {}
[76.335432] (-) TimerEvent: {}
[76.438769] (-) TimerEvent: {}
[76.488499] (rf2o_laser_odometry) StdoutLine: {'line': b'[100%] \x1b[32m\x1b[1mLinking CXX static library librf2o_laser_odometry.a\x1b[0m\n'}
[76.538942] (-) TimerEvent: {}
[76.640526] (-) TimerEvent: {}
[76.741440] (-) TimerEvent: {}
[76.843936] (-) TimerEvent: {}
[76.945523] (-) TimerEvent: {}
[77.045903] (-) TimerEvent: {}
[77.146315] (-) TimerEvent: {}
[77.246689] (-) TimerEvent: {}
[77.347106] (-) TimerEvent: {}
[77.447522] (-) TimerEvent: {}
[77.545853] (rf2o_laser_odometry) StdoutLine: {'line': b'[100%] Built target rf2o_laser_odometry_node\n'}
[77.547587] (-) TimerEvent: {}
[77.647890] (-) TimerEvent: {}
[77.748278] (-) TimerEvent: {}
[77.848616] (-) TimerEvent: {}
[77.948951] (-) TimerEvent: {}
[78.049314] (-) TimerEvent: {}
[78.149680] (-) TimerEvent: {}
[78.250323] (-) TimerEvent: {}
[78.351332] (-) TimerEvent: {}
[78.451661] (-) TimerEvent: {}
[78.552006] (-) TimerEvent: {}
[78.652352] (-) TimerEvent: {}
[78.752702] (-) TimerEvent: {}
[78.853062] (-) TimerEvent: {}
[78.953450] (-) TimerEvent: {}
[79.014099] (rf2o_laser_odometry) StdoutLine: {'line': b'[100%] Built target rf2o_laser_odometry\n'}
[79.053564] (-) TimerEvent: {}
[79.153892] (-) TimerEvent: {}
[79.228721] (rf2o_laser_odometry) CommandEnded: {'returncode': 0}
[79.236656] (rf2o_laser_odometry) JobProgress: {'identifier': 'rf2o_laser_odometry', 'progress': 'install'}
[79.237053] (rf2o_laser_odometry) Command: {'cmd': ['/usr/bin/cmake', '--install', '/home/pi5/capstone-group8/ros2_ws/src/build/rf2o_laser_odometry'], 'cwd': '/home/pi5/capstone-group8/ros2_ws/src/build/rf2o_laser_odometry', 'env': OrderedDict({'GJS_DEBUG_TOPICS': 'JS ERROR;JS LOG', 'XDG_ACTIVATION_TOKEN': 'gnome-shell/Terminator/5395-0-pi5-desktop_TIME189427', 'LESSOPEN': '| /usr/bin/lesspipe %s', 'USER': 'pi5', 'SSH_AGENT_PID': '5118', 'XDG_SESSION_TYPE': 'x11', 'CLUTTER_DISABLE_MIPMAPPED_TEXT': '1', 'SHLVL': '2', 'LD_LIBRARY_PATH': '/opt/ros/jazzy/opt/rviz_ogre_vendor/lib:/opt/ros/jazzy/lib/aarch64-linux-gnu:/opt/ros/jazzy/opt/gz_math_vendor/lib:/opt/ros/jazzy/opt/gz_utils_vendor/lib:/opt/ros/jazzy/opt/gz_cmake_vendor/lib:/opt/ros/jazzy/lib', 'HOME': '/home/pi5', 'OLDPWD': '/home/pi5/capstone-group8/ros2_ws', 'GIO_LAUNCHED_DESKTOP_FILE': '/usr/share/applications/terminator.desktop', 'ROS_PYTHON_VERSION': '3', 'GTK_MODULES': 'gail:atk-bridge', 'MANAGERPID': '4850', 'SYSTEMD_EXEC_PID': '5395', 'XRDP_PULSE_SOURCE_SOCKET': 'xrdp_chansrv_audio_in_socket_10', 'XRDP_PULSE_SINK_SOCKET': 'xrdp_chansrv_audio_out_socket_10', 'GSM_SKIP_SSH_AGENT_WORKAROUND': 'true', 'DBUS_SESSION_BUS_ADDRESS': 'unix:path=/run/user/1000/bus', 'COLORTERM': 'truecolor', 'TERMINATOR_DBUS_NAME': 'net.tenshu.Terminator2bcb3aa092f2b6032576f3fd56ad9afe9', 'GIO_LAUNCHED_DESKTOP_FILE_PID': '6081', 'DEBUGINFOD_URLS': 'https://debuginfod.ubuntu.com', 'PULSE_SCRIPT': '/etc/xrdp/pulse/default.pa', 'IM_CONFIG_PHASE': '1', 'ROS_DISTRO': 'jazzy', 'GTK_IM_MODULE': 'ibus', 'LOGNAME': 'pi5', 'JOURNAL_STREAM': '8:29179', '_': '/usr/bin/colcon', 'ROS_VERSION': '2', 'MEMORY_PRESSURE_WATCH': '/sys/fs/cgroup/user.slice/user-1000.slice/user@1000.service/session.slice/org.gnome.Shell@x11.service/memory.pressure', 'XDG_SESSION_CLASS': 'user', 'TERM': 'xterm-256color', 'GNOME_DESKTOP_SESSION_ID': 'this-is-deprecated', 'PATH': '/opt/ros/jazzy/bin:/home/pi5/.local/bin:/usr/local/sbin:/usr/local/bin:/usr/sbin:/usr/bin:/sbin:/bin:/usr/games:/usr/local/games:/snap/bin', 'SESSION_MANAGER': 'local/pi5-desktop:@/tmp/.ICE-unix/5330,unix/pi5-desktop:/tmp/.ICE-unix/5330', 'INVOCATION_ID': '164353cce0d04b02b023f51772701d2c', 'XDG_MENU_PREFIX': 'gnome-', 'XRDP_SOCKET_PATH': '/run/xrdp/sockdir', 'XDG_RUNTIME_DIR': '/run/user/1000', 'DISPLAY': ':10.0', 'TERMINATOR_DBUS_PATH': '/net/tenshu/Terminator2', 'LANG': 'en_US.UTF-8', 'XDG_CURRENT_DESKTOP': 'GNOME', 'XMODIFIERS': '@im=ibus', 'LS_COLORS': 'rs=0:di=01;34:ln=01;36:mh=00:pi=40;33:so=01;35:do=01;35:bd=40;33;01:cd=40;33;01:or=40;31;01:mi=00:su=37;41:sg=30;43:ca=00:tw=30;42:ow=34;42:st=37;44:ex=01;32:*.tar=01;31:*.tgz=01;31:*.arc=01;31:*.arj=01;31:*.taz=01;31:*.lha=01;31:*.lz4=01;31:*.lzh=01;31:*.lzma=01;31:*.tlz=01;31:*.txz=01;31:*.tzo=01;31:*.t7z=01;31:*.zip=01;31:*.z=01;31:*.dz=01;31:*.gz=01;31:*.lrz=01;31:*.lz=01;31:*.lzo=01;31:*.xz=01;31:*.zst=01;31:*.tzst=01;31:*.bz2=01;31:*.bz=01;31:*.tbz=01;31:*.tbz2=01;31:*.tz=01;31:*.deb=01;31:*.rpm=01;31:*.jar=01;31:*.war=01;31:*.ear=01;31:*.sar=01;31:*.rar=01;31:*.alz=01;31:*.ace=01;31:*.zoo=01;31:*.cpio=01;31:*.7z=01;31:*.rz=01;31:*.cab=01;31:*.wim=01;31:*.swm=01;31:*.dwm=01;31:*.esd=01;31:*.avif=01;35:*.jpg=01;35:*.jpeg=01;35:*.mjpg=01;35:*.mjpeg=01;35:*.gif=01;35:*.bmp=01;35:*.pbm=01;35:*.pgm=01;35:*.ppm=01;35:*.tga=01;35:*.xbm=01;35:*.xpm=01;35:*.tif=01;35:*.tiff=01;35:*.png=01;35:*.svg=01;35:*.svgz=01;35:*.mng=01;35:*.pcx=01;35:*.mov=01;35:*.mpg=01;35:*.mpeg=01;35:*.m2v=01;35:*.mkv=01;35:*.webm=01;35:*.webp=01;35:*.ogm=01;35:*.mp4=01;35:*.m4v=01;35:*.mp4v=01;35:*.vob=01;35:*.qt=01;35:*.nuv=01;35:*.wmv=01;35:*.asf=01;35:*.rm=01;35:*.rmvb=01;35:*.flc=01;35:*.avi=01;35:*.fli=01;35:*.flv=01;35:*.gl=01;35:*.dl=01;35:*.xcf=01;35:*.xwd=01;35:*.yuv=01;35:*.cgm=01;35:*.emf=01;35:*.ogv=01;35:*.ogx=01;35:*.aac=00;36:*.au=00;36:*.flac=00;36:*.m4a=00;36:*.mid=00;36:*.midi=00;36:*.mka=00;36:*.mp3=00;36:*.mpc=00;36:*.ogg=00;36:*.ra=00;36:*.wav=00;36:*.oga=00;36:*.opus=00;36:*.spx=00;36:*.xspf=00;36:*~=00;90:*#=00;90:*.bak=00;90:*.crdownload=00;90:*.dpkg-dist=00;90:*.dpkg-new=00;90:*.dpkg-old=00;90:*.dpkg-tmp=00;90:*.old=00;90:*.orig=00;90:*.part=00;90:*.rej=00;90:*.rpmnew=00;90:*.rpmorig=00;90:*.rpmsave=00;90:*.swp=00;90:*.tmp=00;90:*.ucf-dist=00;90:*.ucf-new=00;90:*.ucf-old=00;90:', 'SSH_AUTH_SOCK': '/run/user/1000/keyring/ssh', 'AMENT_PREFIX_PATH': '/opt/ros/jazzy', 'UID': '1000', 'SHELL': '/bin/bash', 'TERMINATOR_UUID': 'urn:uuid:57a93a0b-224b-4c08-b531-a378d4cab3a8', 'QT_ACCESSIBILITY': '1', 'LESSCLOSE': '/usr/bin/lesspipe %s %s', 'XRDP_SESSION': '1', 'GPG_AGENT_INFO': '/run/user/1000/gnupg/S.gpg-agent:0:1', 'GJS_DEBUG_OUTPUT': 'stderr', 'ROS_AUTOMATIC_DISCOVERY_RANGE': 'SUBNET', 'QT_IM_MODULE': 'ibus', 'PWD': '/home/pi5/capstone-group8/ros2_ws/src/build/rf2o_laser_odometry', 'LC_ALL': 'en_US.UTF-8', 'CLUTTER_IM_MODULE': 'ibus', 'XDG_DATA_DIRS': '/usr/share/gnome:/usr/local/share:/usr/share:/var/lib/snapd/desktop', 'PYTHONPATH': '/opt/ros/jazzy/lib/python3.12/site-packages', 'COLCON': '1', 'MEMORY_PRESSURE_WRITE': 'c29tZSAyMDAwMDAgMjAwMDAwMAA=', 'VTE_VERSION': '7600', 'CMAKE_PREFIX_PATH': '/opt/ros/jazzy/opt/gz_math_vendor:/opt/ros/jazzy/opt/gz_utils_vendor:/opt/ros/jazzy/opt/gz_cmake_vendor:/opt/ros/jazzy'}), 'shell': False}
[79.252796] (rf2o_laser_odometry) StdoutLine: {'line': b'-- Install configuration: ""\n'}
[79.253957] (-) TimerEvent: {}
[79.254140] (rf2o_laser_odometry) StdoutLine: {'line': b'-- Execute custom install script\n'}
[79.255282] (rf2o_laser_odometry) StdoutLine: {'line': b'-- Symlinking: /home/pi5/capstone-group8/ros2_ws/src/install/rf2o_laser_odometry/lib/rf2o_laser_odometry/rf2o_laser_odometry_node\n'}
[79.278195] (rf2o_laser_odometry) StdoutLine: {'line': b'-- Symlinking: /home/pi5/capstone-group8/ros2_ws/src/install/rf2o_laser_odometry/share/rf2o_laser_odometry/launch/rf2o_laser_odometry.launch.py\n'}
[79.307098] (rf2o_laser_odometry) StdoutLine: {'line': b'-- Symlinking: /home/pi5/capstone-group8/ros2_ws/src/install/rf2o_laser_odometry/share/ament_index/resource_index/package_run_dependencies/rf2o_laser_odometry\n'}
[79.325225] (rf2o_laser_odometry) StdoutLine: {'line': b'-- Symlinking: /home/pi5/capstone-group8/ros2_ws/src/install/rf2o_laser_odometry/share/ament_index/resource_index/parent_prefix_path/rf2o_laser_odometry\n'}
[79.343113] (rf2o_laser_odometry) StdoutLine: {'line': b'-- Symlinking: /home/pi5/capstone-group8/ros2_ws/src/install/rf2o_laser_odometry/share/rf2o_laser_odometry/environment/ament_prefix_path.sh\n'}
[79.354077] (-) TimerEvent: {}
[79.367469] (rf2o_laser_odometry) StdoutLine: {'line': b'-- Symlinking: /home/pi5/capstone-group8/ros2_ws/src/install/rf2o_laser_odometry/share/rf2o_laser_odometry/environment/ament_prefix_path.dsv\n'}
[79.391433] (rf2o_laser_odometry) StdoutLine: {'line': b'-- Symlinking: /home/pi5/capstone-group8/ros2_ws/src/install/rf2o_laser_odometry/share/rf2o_laser_odometry/environment/path.sh\n'}
[79.411198] (rf2o_laser_odometry) StdoutLine: {'line': b'-- Symlinking: /home/pi5/capstone-group8/ros2_ws/src/install/rf2o_laser_odometry/share/rf2o_laser_odometry/environment/path.dsv\n'}
[79.429399] (rf2o_laser_odometry) StdoutLine: {'line': b'-- Symlinking: /home/pi5/capstone-group8/ros2_ws/src/install/rf2o_laser_odometry/share/rf2o_laser_odometry/local_setup.bash\n'}
[79.446083] (rf2o_laser_odometry) StdoutLine: {'line': b'-- Symlinking: /home/pi5/capstone-group8/ros2_ws/src/install/rf2o_laser_odometry/share/rf2o_laser_odometry/local_setup.sh\n'}
[79.454172] (-) TimerEvent: {}
[79.470495] (rf2o_laser_odometry) StdoutLine: {'line': b'-- Symlinking: /home/pi5/capstone-group8/ros2_ws/src/install/rf2o_laser_odometry/share/rf2o_laser_odometry/local_setup.zsh\n'}
[79.490250] (rf2o_laser_odometry) StdoutLine: {'line': b'-- Symlinking: /home/pi5/capstone-group8/ros2_ws/src/install/rf2o_laser_odometry/share/rf2o_laser_odometry/local_setup.dsv\n'}
[79.510448] (rf2o_laser_odometry) StdoutLine: {'line': b'-- Symlinking: /home/pi5/capstone-group8/ros2_ws/src/install/rf2o_laser_odometry/share/rf2o_laser_odometry/package.dsv\n'}
[79.528520] (rf2o_laser_odometry) StdoutLine: {'line': b'-- Symlinking: /home/pi5/capstone-group8/ros2_ws/src/install/rf2o_laser_odometry/share/ament_index/resource_index/packages/rf2o_laser_odometry\n'}
[79.545315] (rf2o_laser_odometry) StdoutLine: {'line': b'-- Symlinking: /home/pi5/capstone-group8/ros2_ws/src/install/rf2o_laser_odometry/share/rf2o_laser_odometry/cmake/rf2o_laser_odometryConfig.cmake\n'}
[79.554314] (-) TimerEvent: {}
[79.568431] (rf2o_laser_odometry) StdoutLine: {'line': b'-- Symlinking: /home/pi5/capstone-group8/ros2_ws/src/install/rf2o_laser_odometry/share/rf2o_laser_odometry/cmake/rf2o_laser_odometryConfig-version.cmake\n'}
[79.591452] (rf2o_laser_odometry) StdoutLine: {'line': b'-- Symlinking: /home/pi5/capstone-group8/ros2_ws/src/install/rf2o_laser_odometry/share/rf2o_laser_odometry/package.xml\n'}
[79.613007] (rf2o_laser_odometry) CommandEnded: {'returncode': 0}
[79.633460] (rf2o_laser_odometry) JobEnded: {'identifier': 'rf2o_laser_odometry', 'rc': 0}
[79.634752] (-) EventReactorShutdown: {}
